time,bit_cnt_r [3:0],clk,cs_n_r,gpio_dir_r [15:0],gpio_in [15:0],gpio_in_i [15:0],gpio_out_o [15:0],gpio_out_r [15:0],gpio_sync1_r [15:0],gpio_sync2_r [15:0],haddr [31:0],haddr_i [31:0],haddr_r [31:0],half_done_w,hrdata_o [31:0],hrdata_w [31:0],hready_o,hresp_o,hsize [2:0],hsize_i [2:0],htrans [1:0],htrans_i [1:0],hwdata [31:0],hwdata_i [31:0],hwrite,hwrite_i,hwrite_r,irq [7:0],irq_enable_r [7:0],irq_i [7:0],irq_pending_r [7:0],irq_status_w [7:0],irq_sync1_r [7:0],irq_sync2_r [7:0],k,paddr_i [7:0],prdata_reg_i [31:0],pvalid_o,pwdata_i [31:0],pwr_mode [1:0],pwr_mode_i [1:0],pwr_mode_r [1:0],pwrite_i,ri,rst_n,rx_baud_done,rx_baud_r [9:0],rx_bit_r [2:0],rx_err_r,rx_half_done,rx_last_bit,rx_state_nxt [1:0],rx_state_r [1:0],rx_sync1_r,rx_sync2_r,rx_valid_r,sclk_r,sel_gpio_o,sel_irq_o,sel_pwr_o,sel_reg_o,sel_spi_o,sel_uart_o,shift_done_w,slp_time_r [31:0],spi_cs_n_o,spi_div_cnt_r [7:0],spi_div_r [7:0],spi_miso,spi_miso_i,spi_mosi_o,spi_sclk_o,spi_start_w,spi_state_nxt [1:0],spi_state_r [1:0],sram_addr [17:0],sram_addr_i [17:0],sram_ben [3:0],sram_ben_i [3:0],sram_rdata [31:0],sram_rdata_o [31:0],sram_ren,sram_ren_i,sram_wdata [31:0],sram_wdata_i [31:0],sram_wen,sram_wen_i,sw_ctrl_r [1:0],transfer_r,tx_baud_done,tx_baud_r [9:0],tx_bit_r [3:0],tx_busy_r,tx_frame_r [9:0],tx_last_bit,tx_out_r,tx_shift_r [7:0],tx_start_w,tx_state_nxt,tx_state_r,u_soc.u_gpio_ctrl.prdata_o [31:0],u_soc.u_gpio_ctrl.prdata_w [31:0],u_soc.u_gpio_ctrl.pvalid_i,u_soc.u_irq_ctrl.prdata_o [31:0],u_soc.u_irq_ctrl.prdata_w [31:0],u_soc.u_irq_ctrl.pvalid_i,u_soc.u_pwr_ctrl.clk,u_soc.u_pwr_ctrl.prdata_o [31:0],u_soc.u_pwr_ctrl.prdata_w [31:0],u_soc.u_pwr_ctrl.pvalid_i,u_soc.u_pwr_ctrl.rst_n,u_soc.u_spi_master.prdata_o [31:0],u_soc.u_spi_master.prdata_w [31:0],u_soc.u_spi_master.pvalid_i,u_soc.u_spi_master.rx_data_r [7:0],u_soc.u_spi_master.rx_shift_r [7:0],u_soc.u_uart_ctrl.prdata_o [31:0],u_soc.u_uart_ctrl.prdata_w [31:0],u_soc.u_uart_ctrl.pvalid_i,u_soc.u_uart_ctrl.rx_data_r [7:0],u_soc.u_uart_ctrl.rx_shift_r [7:0],uart_rx,uart_rx_i,uart_tx_o
0,0,0,1,0,0,0,0,0,0,0,0,0,0,0,0,0,1,0,10,10,0,0,0,0,0,0,0,0,11111111,0,0,0,0,0,x,0,0,0,0,0,0,0,0,x,0,0,0,0,0,0,0,0,0,1,1,0,0,0,0,0,0,0,0,0,0,1,0,11,0,0,0,0,0,0,0,0,0,1111,1111,0,0,0,0,0,0,0,0,0,0,0,0,0,0,1111111111,0,1,0,0,0,0,0,0,0,11111111,11111111,0,0,0,0,0,0,0,0,0,0,0,0,0,0,0,0,1,1,1
5000,0,1,1,0,0,0,0,0,0,0,0,0,0,0,0,0,1,0,10,10,0,0,0,0,0,0,0,0,11111111,0,0,0,0,0,x,0,0,0,0,0,0,0,0,x,0,0,0,0,0,0,0,0,0,1,1,0,0,0,0,0,0,0,0,0,0,1,0,11,0,0,0,0,0,0,0,0,0,1111,1111,0,0,0,0,0,0,0,0,0,0,0,0,0,0,1111111111,0,1,0,0,0,0,0,0,0,11111111,11111111,0,1,0,0,0,0,0,0,0,0,0,0,0,0,0,0,1,1,1
10000,0,0,1,0,0,0,0,0,0,0,0,0,0,0,0,0,1,0,10,10,0,0,0,0,0,0,0,0,11111111,0,0,0,0,0,x,0,0,0,0,0,0,0,0,x,0,0,0,0,0,0,0,0,0,1,1,0,0,0,0,0,0,0,0,0,0,1,0,11,0,0,0,0,0,0,0,0,0,1111,1111,0,0,0,0,0,0,0,0,0,0,0,0,0,0,1111111111,0,1,0,0,0,0,0,0,0,11111111,11111111,0,0,0,0,0,0,0,0,0,0,0,0,0,0,0,0,1,1,1
15000,0,1,1,0,0,0,0,0,0,0,0,0,0,0,0,0,1,0,10,10,0,0,0,0,0,0,0,0,11111111,0,0,0,0,0,x,0,0,0,0,0,0,0,0,x,0,0,0,0,0,0,0,0,0,1,1,0,0,0,0,0,0,0,0,0,0,1,0,11,0,0,0,0,0,0,0,0,0,1111,1111,0,0,0,0,0,0,0,0,0,0,0,0,0,0,1111111111,0,1,0,0,0,0,0,0,0,11111111,11111111,0,1,0,0,0,0,0,0,0,0,0,0,0,0,0,0,1,1,1
20000,0,0,1,0,0,0,0,0,0,0,0,0,0,0,0,0,1,0,10,10,0,0,0,0,0,0,0,0,11111111,0,0,0,0,0,x,0,0,0,0,0,0,0,0,x,0,0,0,0,0,0,0,0,0,1,1,0,0,0,0,0,0,0,0,0,0,1,0,11,0,0,0,0,0,0,0,0,0,1111,1111,0,0,0,0,0,0,0,0,0,0,0,0,0,0,1111111111,0,1,0,0,0,0,0,0,0,11111111,11111111,0,0,0,0,0,0,0,0,0,0,0,0,0,0,0,0,1,1,1
25000,0,1,1,0,0,0,0,0,0,0,0,0,0,0,0,0,1,0,10,10,0,0,0,0,0,0,0,0,11111111,0,0,0,0,0,x,0,0,0,0,0,0,0,0,x,0,0,0,0,0,0,0,0,0,1,1,0,0,0,0,0,0,0,0,0,0,1,0,11,0,0,0,0,0,0,0,0,0,1111,1111,0,0,0,0,0,0,0,0,0,0,0,0,0,0,1111111111,0,1,0,0,0,0,0,0,0,11111111,11111111,0,1,0,0,0,0,0,0,0,0,0,0,0,0,0,0,1,1,1
30000,0,0,1,0,0,0,0,0,0,0,0,0,0,0,0,0,1,0,10,10,0,0,0,0,0,0,0,0,11111111,0,0,0,0,0,x,0,0,0,0,0,0,0,0,x,0,0,0,0,0,0,0,0,0,1,1,0,0,0,0,0,0,0,0,0,0,1,0,11,0,0,0,0,0,0,0,0,0,1111,1111,0,0,0,0,0,0,0,0,0,0,0,0,0,0,1111111111,0,1,0,0,0,0,0,0,0,11111111,11111111,0,0,0,0,0,0,0,0,0,0,0,0,0,0,0,0,1,1,1
35000,0,1,1,0,0,0,0,0,0,0,0,0,0,0,0,0,1,0,10,10,0,0,0,0,0,0,0,0,11111111,0,0,0,0,0,x,0,0,0,0,0,0,0,0,x,0,0,0,0,0,0,0,0,0,1,1,0,0,0,0,0,0,0,0,0,0,1,0,11,0,0,0,0,0,0,0,0,0,1111,1111,0,0,0,0,0,0,0,0,0,0,0,0,0,0,1111111111,0,1,0,0,0,0,0,0,0,11111111,11111111,0,1,0,0,0,0,0,0,0,0,0,0,0,0,0,0,1,1,1
40000,0,0,1,0,0,0,0,0,0,0,0,0,0,0,0,0,1,0,10,10,0,0,0,0,0,0,0,0,11111111,0,0,0,0,0,x,0,0,0,0,0,0,0,0,x,0,0,0,0,0,0,0,0,0,1,1,0,0,0,0,0,0,0,0,0,0,1,0,11,0,0,0,0,0,0,0,0,0,1111,1111,0,0,0,0,0,0,0,0,0,0,0,0,0,0,1111111111,0,1,0,0,0,0,0,0,0,11111111,11111111,0,0,0,0,0,0,0,0,0,0,0,0,0,0,0,0,1,1,1
45000,0,1,1,0,0,0,0,0,0,0,0,0,0,0,0,0,1,0,10,10,0,0,0,0,0,0,0,0,11111111,0,0,0,0,0,x,0,0,0,0,0,0,0,0,x,0,0,0,0,0,0,0,0,0,1,1,0,0,0,0,0,0,0,0,0,0,1,0,11,0,0,0,0,0,0,0,0,0,1111,1111,0,0,0,0,0,0,0,0,0,0,0,0,0,0,1111111111,0,1,0,0,0,0,0,0,0,11111111,11111111,0,1,0,0,0,0,0,0,0,0,0,0,0,0,0,0,1,1,1
50000,0,0,1,0,0,0,0,0,0,0,0,0,0,0,0,0,1,0,10,10,0,0,0,0,0,0,0,0,11111111,0,0,0,0,0,x,0,0,0,0,0,0,0,0,x,0,0,0,0,0,0,0,0,0,1,1,0,0,0,0,0,0,0,0,0,0,1,0,11,0,0,0,0,0,0,0,0,0,1111,1111,0,0,0,0,0,0,0,0,0,0,0,0,0,0,1111111111,0,1,0,0,0,0,0,0,0,11111111,11111111,0,0,0,0,0,0,0,0,0,0,0,0,0,0,0,0,1,1,1
55000,0,1,1,0,0,0,0,0,0,0,0,0,0,0,0,0,1,0,10,10,0,0,0,0,0,0,0,0,11111111,0,0,0,0,0,x,0,0,0,0,0,0,0,0,x,0,0,0,0,0,0,0,0,0,1,1,0,0,0,0,0,0,0,0,0,0,1,0,11,0,0,0,0,0,0,0,0,0,1111,1111,0,0,0,0,0,0,0,0,0,0,0,0,0,0,1111111111,0,1,0,0,0,0,0,0,0,11111111,11111111,0,1,0,0,0,0,0,0,0,0,0,0,0,0,0,0,1,1,1
60000,0,0,1,0,0,0,0,0,0,0,0,0,0,0,0,0,1,0,10,10,0,0,0,0,0,0,0,0,11111111,0,0,0,0,0,x,0,0,0,0,0,0,0,0,x,0,0,0,0,0,0,0,0,0,1,1,0,0,0,0,0,0,0,0,0,0,1,0,11,0,0,0,0,0,0,0,0,0,1111,1111,0,0,0,0,0,0,0,0,0,0,0,0,0,0,1111111111,0,1,0,0,0,0,0,0,0,11111111,11111111,0,0,0,0,0,0,0,0,0,0,0,0,0,0,0,0,1,1,1
65000,0,1,1,0,0,0,0,0,0,0,0,0,0,0,0,0,1,0,10,10,0,0,0,0,0,0,0,0,11111111,0,0,0,0,0,x,0,0,0,0,0,0,0,0,x,0,0,0,0,0,0,0,0,0,1,1,0,0,0,0,0,0,0,0,0,0,1,0,11,0,0,0,0,0,0,0,0,0,1111,1111,0,0,0,0,0,0,0,0,0,0,0,0,0,0,1111111111,0,1,0,0,0,0,0,0,0,11111111,11111111,0,1,0,0,0,0,0,0,0,0,0,0,0,0,0,0,1,1,1
70000,0,0,1,0,0,0,0,0,0,0,0,0,0,0,0,0,1,0,10,10,0,0,0,0,0,0,0,0,11111111,0,0,0,0,0,x,0,0,0,0,0,0,0,0,x,0,0,0,0,0,0,0,0,0,1,1,0,0,0,0,0,0,0,0,0,0,1,0,11,0,0,0,0,0,0,0,0,0,1111,1111,0,0,0,0,0,0,0,0,0,0,0,0,0,0,1111111111,0,1,0,0,0,0,0,0,0,11111111,11111111,0,0,0,0,0,0,0,0,0,0,0,0,0,0,0,0,1,1,1
75000,0,1,1,0,0,0,0,0,0,0,0,0,0,0,0,0,1,0,10,10,0,0,0,0,0,0,0,0,11111111,0,0,0,0,0,x,0,0,0,0,0,0,0,0,x,0,0,0,0,0,0,0,0,0,1,1,0,0,0,0,0,0,0,0,0,0,1,0,11,0,0,0,0,0,0,0,0,0,1111,1111,0,0,0,0,0,0,0,0,0,0,0,0,0,0,1111111111,0,1,0,0,0,0,0,0,0,11111111,11111111,0,1,0,0,0,0,0,0,0,0,0,0,0,0,0,0,1,1,1
80000,0,0,1,0,0,0,0,0,0,0,0,0,0,0,0,0,1,0,10,10,0,0,0,0,0,0,0,0,11111111,0,0,0,0,0,x,0,0,0,0,0,0,0,0,x,0,0,0,0,0,0,0,0,0,1,1,0,0,0,0,0,0,0,0,0,0,1,0,11,0,0,0,0,0,0,0,0,0,1111,1111,0,0,0,0,0,0,0,0,0,0,0,0,0,0,1111111111,0,1,0,0,0,0,0,0,0,11111111,11111111,0,0,0,0,0,0,0,0,0,0,0,0,0,0,0,0,1,1,1
85000,0,1,1,0,0,0,0,0,0,0,0,0,0,0,0,0,1,0,10,10,0,0,0,0,0,0,0,0,11111111,0,0,0,0,0,x,0,0,0,0,0,0,0,0,x,0,0,0,0,0,0,0,0,0,1,1,0,0,0,0,0,0,0,0,0,0,1,0,11,0,0,0,0,0,0,0,0,0,1111,1111,0,0,0,0,0,0,0,0,0,0,0,0,0,0,1111111111,0,1,0,0,0,0,0,0,0,11111111,11111111,0,1,0,0,0,0,0,0,0,0,0,0,0,0,0,0,1,1,1
90000,0,0,1,0,0,0,0,0,0,0,0,0,0,0,0,0,1,0,10,10,0,0,0,0,0,0,0,0,11111111,0,0,0,0,0,x,0,0,0,0,0,0,0,0,x,0,0,0,0,0,0,0,0,0,1,1,0,0,0,0,0,0,0,0,0,0,1,0,11,0,0,0,0,0,0,0,0,0,1111,1111,0,0,0,0,0,0,0,0,0,0,0,0,0,0,1111111111,0,1,0,0,0,0,0,0,0,11111111,11111111,0,0,0,0,0,0,0,0,0,0,0,0,0,0,0,0,1,1,1
95000,0,1,1,0,0,0,0,0,0,0,0,0,0,0,0,0,1,0,10,10,0,0,0,0,0,0,0,0,11111111,0,0,0,0,0,x,0,0,0,0,0,0,0,0,x,0,0,0,0,0,0,0,0,0,1,1,0,0,0,0,0,0,0,0,0,0,1,0,11,0,0,0,0,0,0,0,0,0,1111,1111,0,0,0,0,0,0,0,0,0,0,0,0,0,0,1111111111,0,1,0,0,0,0,0,0,0,11111111,11111111,0,1,0,0,0,0,0,0,0,0,0,0,0,0,0,0,1,1,1
96000,0,1,1,0,0,0,0,0,0,0,0,0,0,0,0,0,1,0,10,10,0,0,0,0,0,0,0,0,11111111,0,0,0,0,0,x,0,0,0,0,0,0,0,0,x,1,0,0,0,0,0,0,0,0,1,1,0,0,0,0,0,0,0,0,0,0,1,0,11,0,0,0,0,0,0,0,0,0,1111,1111,0,0,0,0,0,0,0,0,0,0,0,0,0,0,1111111111,0,1,0,0,0,0,0,0,0,11111111,11111111,0,1,0,0,0,1,0,0,0,0,0,0,0,0,0,0,1,1,1
100000,0,0,1,0,0,0,0,0,0,0,0,0,0,0,0,0,1,0,10,10,0,0,0,0,0,0,0,0,11111111,0,0,0,0,0,x,0,0,0,0,0,0,0,0,x,1,0,0,0,0,0,0,0,0,1,1,0,0,0,0,0,0,0,0,0,0,1,0,11,0,0,0,0,0,0,0,0,0,1111,1111,0,0,0,0,0,0,0,0,0,0,0,0,0,0,1111111111,0,1,0,0,0,0,0,0,0,11111111,11111111,0,0,0,0,0,1,0,0,0,0,0,0,0,0,0,0,1,1,1
105000,0,1,1,0,0,0,0,0,0,0,0,0,0,0,0,0,1,0,10,10,0,0,0,0,0,0,0,0,11111111,0,0,0,0,0,x,0,0,0,0,0,0,0,0,x,1,0,0,0,0,0,0,0,0,1,1,0,0,0,0,0,0,0,0,0,0,1,0,11,0,0,0,0,0,0,0,0,0,1111,1111,0,0,0,0,0,0,0,0,0,0,0,0,0,0,1111111111,0,1,0,0,0,0,0,0,0,11111111,11111111,0,1,0,0,0,1,0,0,0,0,0,0,0,0,0,0,1,1,1
106000,0,1,1,0,0,0,0,0,0,0,0,0,0,0,0,0,1,0,10,10,10,10,0,0,1,1,0,0,11111111,0,0,0,0,0,x,0,0,0,0,0,0,0,0,x,1,0,0,0,0,0,0,0,0,1,1,0,0,0,0,0,0,0,0,0,0,1,0,11,0,0,0,0,0,0,0,0,0,1111,1111,0,0,0,0,0,0,0,0,0,0,0,0,0,0,1111111111,0,1,0,0,0,0,0,0,0,11111111,11111111,0,1,0,0,0,1,0,0,0,0,0,0,0,0,0,0,1,1,1
110000,0,0,1,0,0,0,0,0,0,0,0,0,0,0,0,0,1,0,10,10,10,10,0,0,1,1,0,0,11111111,0,0,0,0,0,x,0,0,0,0,0,0,0,0,x,1,0,0,0,0,0,0,0,0,1,1,0,0,0,0,0,0,0,0,0,0,1,0,11,0,0,0,0,0,0,0,0,0,1111,1111,0,0,0,0,0,0,0,0,0,0,0,0,0,0,1111111111,0,1,0,0,0,0,0,0,0,11111111,11111111,0,0,0,0,0,1,0,0,0,0,0,0,0,0,0,0,1,1,1
115000,0,1,1,0,0,0,0,0,0,0,0,0,0,0,0,0,1,0,10,10,10,10,0,0,1,1,1,0,11111111,0,0,0,0,0,x,0,0,1,0,0,0,0,1,x,1,0,0,0,0,0,0,0,0,1,1,0,0,0,0,0,1,0,0,0,0,1,0,11,0,0,0,0,0,0,0,0,0,1111,1111,0,0,0,0,0,0,0,0,0,1,0,0,0,0,1111111111,0,1,0,0,0,0,0,0,0,11111111,11111111,0,1,0,0,0,1,0,0,0,0,0,0,0,0,0,0,1,1,1
116000,0,1,1,0,0,0,0,0,0,0,0,0,0,0,0,0,1,0,10,10,0,0,11011110101011011011111011101111,11011110101011011011111011101111,0,0,1,0,11111111,0,0,0,0,0,x,0,0,1,11011110101011011011111011101111,0,0,0,1,x,1,0,0,0,0,0,0,0,0,1,1,0,0,0,0,0,1,0,0,0,0,1,0,11,0,0,0,0,0,0,0,0,0,1111,1111,0,0,0,0,0,0,0,0,0,1,0,0,0,0,1111111111,0,1,0,0,0,0,0,0,0,11111111,11111111,0,1,0,0,0,1,0,0,0,0,0,0,0,0,0,0,1,1,1
120000,0,0,1,0,0,0,0,0,0,0,0,0,0,0,0,0,1,0,10,10,0,0,11011110101011011011111011101111,11011110101011011011111011101111,0,0,1,0,11111111,0,0,0,0,0,x,0,0,1,11011110101011011011111011101111,0,0,0,1,x,1,0,0,0,0,0,0,0,0,1,1,0,0,0,0,0,1,0,0,0,0,1,0,11,0,0,0,0,0,0,0,0,0,1111,1111,0,0,0,0,0,0,0,0,0,1,0,0,0,0,1111111111,0,1,0,0,0,0,0,0,0,11111111,11111111,0,0,0,0,0,1,0,0,0,0,0,0,0,0,0,0,1,1,1
125000,0,1,1,0,0,0,0,0,0,0,0,0,0,0,11011110101011011011111011101111,11011110101011011011111011101111,1,0,10,10,0,0,11011110101011011011111011101111,11011110101011011011111011101111,0,0,0,0,11111111,0,0,0,0,0,x,0,11011110101011011011111011101111,0,11011110101011011011111011101111,0,0,0,0,x,1,0,0,0,0,0,0,0,0,1,1,0,0,0,0,0,0,0,0,0,0,1,0,11,0,0,0,0,0,0,0,0,0,1111,1111,0,0,0,0,0,0,0,0,0,0,0,0,0,0,1111111111,0,1,0,0,0,0,0,0,0,11111111,11111111,0,1,0,0,0,1,0,0,0,0,0,0,0,0,0,0,1,1,1
126000,0,1,1,0,0,0,0,0,0,0,100,100,0,0,11011110101011011011111011101111,11011110101011011011111011101111,1,0,10,10,10,10,11011110101011011011111011101111,11011110101011011011111011101111,1,1,0,0,11111111,0,0,0,0,0,x,0,11011110101011011011111011101111,0,11011110101011011011111011101111,0,0,0,0,x,1,0,0,0,0,0,0,0,0,1,1,0,0,0,0,0,0,0,0,0,0,1,0,11,0,0,0,0,0,0,0,0,0,1111,1111,0,0,0,0,0,0,0,0,0,0,0,0,0,0,1111111111,0,1,0,0,0,0,0,0,0,11111111,11111111,0,1,0,0,0,1,0,0,0,0,0,0,0,0,0,0,1,1,1
130000,0,0,1,0,0,0,0,0,0,0,100,100,0,0,11011110101011011011111011101111,11011110101011011011111011101111,1,0,10,10,10,10,11011110101011011011111011101111,11011110101011011011111011101111,1,1,0,0,11111111,0,0,0,0,0,x,0,11011110101011011011111011101111,0,11011110101011011011111011101111,0,0,0,0,x,1,0,0,0,0,0,0,0,0,1,1,0,0,0,0,0,0,0,0,0,0,1,0,11,0,0,0,0,0,0,0,0,0,1111,1111,0,0,0,0,0,0,0,0,0,0,0,0,0,0,1111111111,0,1,0,0,0,0,0,0,0,11111111,11111111,0,0,0,0,0,1,0,0,0,0,0,0,0,0,0,0,1,1,1
135000,0,1,1,0,0,0,0,0,0,0,100,100,100,0,0,0,1,0,10,10,10,10,11011110101011011011111011101111,11011110101011011011111011101111,1,1,1,0,11111111,0,0,0,0,0,x,100,0,1,11011110101011011011111011101111,0,0,0,1,x,1,0,0,0,0,0,0,0,0,1,1,0,0,0,0,0,1,0,0,0,0,1,0,11,0,0,0,0,0,0,0,0,0,1111,1111,0,0,0,0,0,0,0,0,0,1,0,0,0,0,1111111111,0,1,0,0,0,0,0,0,0,0,0,0,1,0,0,0,1,11,11,0,0,0,0,0,0,0,0,1,1,1
136000,0,1,1,0,0,0,0,0,0,0,100,100,100,0,0,0,1,0,10,10,0,0,11001010111111101011101010111110,11001010111111101011101010111110,0,0,1,0,11111111,0,0,0,0,0,x,100,0,1,11001010111111101011101010111110,0,0,0,1,x,1,0,0,0,0,0,0,0,0,1,1,0,0,0,0,0,1,0,0,0,0,1,0,11,0,0,0,0,0,0,0,0,0,1111,1111,0,0,0,0,0,0,0,0,0,1,0,0,0,0,1111111111,0,1,0,0,0,0,0,0,0,0,0,0,1,0,0,0,1,11,11,0,0,0,0,0,0,0,0,1,1,1
140000,0,0,1,0,0,0,0,0,0,0,100,100,100,0,0,0,1,0,10,10,0,0,11001010111111101011101010111110,11001010111111101011101010111110,0,0,1,0,11111111,0,0,0,0,0,x,100,0,1,11001010111111101011101010111110,0,0,0,1,x,1,0,0,0,0,0,0,0,0,1,1,0,0,0,0,0,1,0,0,0,0,1,0,11,0,0,0,0,0,0,0,0,0,1111,1111,0,0,0,0,0,0,0,0,0,1,0,0,0,0,1111111111,0,1,0,0,0,0,0,0,0,0,0,0,0,0,0,0,1,11,11,0,0,0,0,0,0,0,0,1,1,1
145000,0,1,1,0,0,0,0,0,0,0,100,100,100,0,11001010111111101011101010111110,11001010111111101011101010111110,1,0,10,10,0,0,11001010111111101011101010111110,11001010111111101011101010111110,0,0,0,0,11111111,0,0,0,0,0,x,100,11001010111111101011101010111110,0,11001010111111101011101010111110,0,0,0,0,x,1,0,0,0,0,0,0,0,0,1,1,0,0,0,0,0,0,0,0,0,0,1,0,11,0,0,0,0,0,0,0,0,0,1111,1111,0,0,0,0,0,0,0,0,0,0,0,0,0,0,1111111111,0,1,0,0,0,0,0,0,0,0,0,0,1,0,0,0,1,11,11,0,0,0,0,0,0,0,0,1,1,1
146000,0,1,1,0,0,0,0,0,0,0,1000,1000,100,0,11001010111111101011101010111110,11001010111111101011101010111110,1,0,10,10,10,10,11001010111111101011101010111110,11001010111111101011101010111110,1,1,0,0,11111111,0,0,0,0,0,x,100,11001010111111101011101010111110,0,11001010111111101011101010111110,0,0,0,0,x,1,0,0,0,0,0,0,0,0,1,1,0,0,0,0,0,0,0,0,0,0,1,0,11,0,0,0,0,0,0,0,0,0,1111,1111,0,0,0,0,0,0,0,0,0,0,0,0,0,0,1111111111,0,1,0,0,0,0,0,0,0,0,0,0,1,0,0,0,1,11,11,0,0,0,0,0,0,0,0,1,1,1
150000,0,0,1,0,0,0,0,0,0,0,1000,1000,100,0,11001010111111101011101010111110,11001010111111101011101010111110,1,0,10,10,10,10,11001010111111101011101010111110,11001010111111101011101010111110,1,1,0,0,11111111,0,0,0,0,0,x,100,11001010111111101011101010111110,0,11001010111111101011101010111110,0,0,0,0,x,1,0,0,0,0,0,0,0,0,1,1,0,0,0,0,0,0,0,0,0,0,1,0,11,0,0,0,0,0,0,0,0,0,1111,1111,0,0,0,0,0,0,0,0,0,0,0,0,0,0,1111111111,0,1,0,0,0,0,0,0,0,0,0,0,0,0,0,0,1,11,11,0,0,0,0,0,0,0,0,1,1,1
155000,0,1,1,0,0,0,0,0,0,0,1000,1000,1000,0,0,0,1,0,10,10,10,10,11001010111111101011101010111110,11001010111111101011101010111110,1,1,1,0,11111111,0,0,0,0,0,x,1000,0,1,11001010111111101011101010111110,0,0,0,1,x,1,0,0,0,0,0,0,0,0,1,1,0,0,0,0,0,1,0,0,0,0,1,0,11,0,0,0,0,0,0,0,0,0,1111,1111,0,0,0,0,0,0,0,0,0,1,0,0,0,0,1111111111,0,1,0,0,0,0,0,0,0,0,0,0,1,0,0,0,1,0,0,0,0,0,0,0,0,0,0,1,1,1
156000,0,1,1,0,0,0,0,0,0,0,1000,1000,1000,0,0,0,1,0,10,10,0,0,10010001101000101011001111000,10010001101000101011001111000,0,0,1,0,11111111,0,0,0,0,0,x,1000,0,1,10010001101000101011001111000,0,0,0,1,x,1,0,0,0,0,0,0,0,0,1,1,0,0,0,0,0,1,0,0,0,0,1,0,11,0,0,0,0,0,0,0,0,0,1111,1111,0,0,0,0,0,0,0,0,0,1,0,0,0,0,1111111111,0,1,0,0,0,0,0,0,0,0,0,0,1,0,0,0,1,0,0,0,0,0,0,0,0,0,0,1,1,1
160000,0,0,1,0,0,0,0,0,0,0,1000,1000,1000,0,0,0,1,0,10,10,0,0,10010001101000101011001111000,10010001101000101011001111000,0,0,1,0,11111111,0,0,0,0,0,x,1000,0,1,10010001101000101011001111000,0,0,0,1,x,1,0,0,0,0,0,0,0,0,1,1,0,0,0,0,0,1,0,0,0,0,1,0,11,0,0,0,0,0,0,0,0,0,1111,1111,0,0,0,0,0,0,0,0,0,1,0,0,0,0,1111111111,0,1,0,0,0,0,0,0,0,0,0,0,0,0,0,0,1,0,0,0,0,0,0,0,0,0,0,1,1,1
165000,0,1,1,0,0,0,0,0,0,0,1000,1000,1000,0,10010001101000101011001111000,10010001101000101011001111000,1,0,10,10,0,0,10010001101000101011001111000,10010001101000101011001111000,0,0,0,0,11111111,0,0,0,0,0,x,1000,10010001101000101011001111000,0,10010001101000101011001111000,0,0,0,0,x,1,0,0,0,0,0,0,0,0,1,1,0,0,0,0,0,0,0,0,0,0,1,0,11,0,0,0,0,0,0,0,0,0,1111,1111,0,0,0,0,0,0,0,0,0,0,0,0,0,0,1111111111,0,1,0,0,0,0,0,0,0,0,0,0,1,0,0,0,1,0,0,0,0,0,0,0,0,0,0,1,1,1
166000,0,1,1,0,0,0,0,0,0,0,1100,1100,1000,0,10010001101000101011001111000,10010001101000101011001111000,1,0,10,10,10,10,10010001101000101011001111000,10010001101000101011001111000,1,1,0,0,11111111,0,0,0,0,0,x,1000,10010001101000101011001111000,0,10010001101000101011001111000,0,0,0,0,x,1,0,0,0,0,0,0,0,0,1,1,0,0,0,0,0,0,0,0,0,0,1,0,11,0,0,0,0,0,0,0,0,0,1111,1111,0,0,0,0,0,0,0,0,0,0,0,0,0,0,1111111111,0,1,0,0,0,0,0,0,0,0,0,0,1,0,0,0,1,0,0,0,0,0,0,0,0,0,0,1,1,1
170000,0,0,1,0,0,0,0,0,0,0,1100,1100,1000,0,10010001101000101011001111000,10010001101000101011001111000,1,0,10,10,10,10,10010001101000101011001111000,10010001101000101011001111000,1,1,0,0,11111111,0,0,0,0,0,x,1000,10010001101000101011001111000,0,10010001101000101011001111000,0,0,0,0,x,1,0,0,0,0,0,0,0,0,1,1,0,0,0,0,0,0,0,0,0,0,1,0,11,0,0,0,0,0,0,0,0,0,1111,1111,0,0,0,0,0,0,0,0,0,0,0,0,0,0,1111111111,0,1,0,0,0,0,0,0,0,0,0,0,0,0,0,0,1,0,0,0,0,0,0,0,0,0,0,1,1,1
175000,0,1,1,0,0,0,0,0,0,0,1100,1100,1100,0,0,0,1,0,10,10,10,10,10010001101000101011001111000,10010001101000101011001111000,1,1,1,0,11111111,0,0,0,0,0,x,1100,0,1,10010001101000101011001111000,0,0,0,1,x,1,0,0,0,0,0,0,0,0,1,1,0,0,0,0,0,1,0,0,0,0,1,0,11,0,0,0,0,0,0,0,0,0,1111,1111,0,0,0,0,0,0,0,0,0,1,0,0,0,0,1111111111,0,1,0,0,0,0,0,0,0,0,0,0,1,0,0,0,1,0,0,0,0,0,0,0,0,0,0,1,1,1
176000,0,1,1,0,0,0,0,0,0,0,1100,1100,1100,0,0,0,1,0,10,10,0,0,10100101101001011010010110100101,10100101101001011010010110100101,0,0,1,0,11111111,0,0,0,0,0,x,1100,0,1,10100101101001011010010110100101,0,0,0,1,x,1,0,0,0,0,0,0,0,0,1,1,0,0,0,0,0,1,0,0,0,0,1,0,11,0,0,0,0,0,0,0,0,0,1111,1111,0,0,0,0,0,0,0,0,0,1,0,0,0,0,1111111111,0,1,0,0,0,0,0,0,0,0,0,0,1,0,0,0,1,0,0,0,0,0,0,0,0,0,0,1,1,1
180000,0,0,1,0,0,0,0,0,0,0,1100,1100,1100,0,0,0,1,0,10,10,0,0,10100101101001011010010110100101,10100101101001011010010110100101,0,0,1,0,11111111,0,0,0,0,0,x,1100,0,1,10100101101001011010010110100101,0,0,0,1,x,1,0,0,0,0,0,0,0,0,1,1,0,0,0,0,0,1,0,0,0,0,1,0,11,0,0,0,0,0,0,0,0,0,1111,1111,0,0,0,0,0,0,0,0,0,1,0,0,0,0,1111111111,0,1,0,0,0,0,0,0,0,0,0,0,0,0,0,0,1,0,0,0,0,0,0,0,0,0,0,1,1,1
185000,0,1,1,0,0,0,0,0,0,0,1100,1100,1100,0,10100101101001011010010110100101,10100101101001011010010110100101,1,0,10,10,0,0,10100101101001011010010110100101,10100101101001011010010110100101,0,0,0,0,11111111,0,0,0,0,0,x,1100,10100101101001011010010110100101,0,10100101101001011010010110100101,0,0,0,0,x,1,0,0,0,0,0,0,0,0,1,1,0,0,0,0,0,0,0,0,0,0,1,0,11,0,0,0,0,0,0,0,0,0,1111,1111,0,0,0,0,0,0,0,0,0,0,0,0,0,0,1111111111,0,1,0,0,0,0,0,0,0,0,0,0,1,0,0,0,1,0,0,0,0,0,0,0,0,0,0,1,1,1
186000,0,1,1,0,0,0,0,0,0,0,10000,10000,1100,0,10100101101001011010010110100101,10100101101001011010010110100101,1,0,10,10,10,10,10100101101001011010010110100101,10100101101001011010010110100101,1,1,0,0,11111111,0,0,0,0,0,x,1100,10100101101001011010010110100101,0,10100101101001011010010110100101,0,0,0,0,x,1,0,0,0,0,0,0,0,0,1,1,0,0,0,0,0,0,0,0,0,0,1,0,11,0,0,0,0,0,0,0,0,0,1111,1111,0,0,0,0,0,0,0,0,0,0,0,0,0,0,1111111111,0,1,0,0,0,0,0,0,0,0,0,0,1,0,0,0,1,0,0,0,0,0,0,0,0,0,0,1,1,1
190000,0,0,1,0,0,0,0,0,0,0,10000,10000,1100,0,10100101101001011010010110100101,10100101101001011010010110100101,1,0,10,10,10,10,10100101101001011010010110100101,10100101101001011010010110100101,1,1,0,0,11111111,0,0,0,0,0,x,1100,10100101101001011010010110100101,0,10100101101001011010010110100101,0,0,0,0,x,1,0,0,0,0,0,0,0,0,1,1,0,0,0,0,0,0,0,0,0,0,1,0,11,0,0,0,0,0,0,0,0,0,1111,1111,0,0,0,0,0,0,0,0,0,0,0,0,0,0,1111111111,0,1,0,0,0,0,0,0,0,0,0,0,0,0,0,0,1,0,0,0,0,0,0,0,0,0,0,1,1,1
195000,0,1,1,0,0,0,0,0,0,0,10000,10000,10000,0,0,0,1,0,10,10,10,10,10100101101001011010010110100101,10100101101001011010010110100101,1,1,1,0,11111111,0,0,0,0,0,x,10000,0,1,10100101101001011010010110100101,0,0,0,1,x,1,0,0,0,0,0,0,0,0,1,1,0,0,0,0,0,1,0,0,0,0,1,0,11,0,0,0,0,0,0,0,0,0,1111,1111,0,0,0,0,0,0,0,0,0,1,0,0,0,0,1111111111,0,1,0,0,0,0,0,0,0,11111111,11111111,0,1,0,0,0,1,0,0,0,0,0,0,0,0,0,0,1,1,1
196000,0,1,1,0,0,0,0,0,0,0,10000,10000,10000,0,0,0,1,0,10,10,0,0,1,1,0,0,1,0,11111111,0,0,0,0,0,x,10000,0,1,1,0,0,0,1,x,1,0,0,0,0,0,0,0,0,1,1,0,0,0,0,0,1,0,0,0,0,1,0,11,0,0,0,0,0,0,0,0,0,1111,1111,0,0,0,0,0,0,0,0,0,1,0,0,0,0,1111111111,0,1,0,0,0,0,0,0,0,11111111,11111111,0,1,0,0,0,1,0,0,0,0,0,0,0,0,0,0,1,1,1
200000,0,0,1,0,0,0,0,0,0,0,10000,10000,10000,0,0,0,1,0,10,10,0,0,1,1,0,0,1,0,11111111,0,0,0,0,0,x,10000,0,1,1,0,0,0,1,x,1,0,0,0,0,0,0,0,0,1,1,0,0,0,0,0,1,0,0,0,0,1,0,11,0,0,0,0,0,0,0,0,0,1111,1111,0,0,0,0,0,0,0,0,0,1,0,0,0,0,1111111111,0,1,0,0,0,0,0,0,0,11111111,11111111,0,0,0,0,0,1,0,0,0,0,0,0,0,0,0,0,1,1,1
205000,0,1,1,0,0,0,0,0,0,0,10000,10000,10000,0,1,1,1,0,10,10,0,0,1,1,0,0,0,0,11111111,0,0,0,0,0,x,10000,1,0,1,0,0,0,0,x,1,0,0,0,0,0,0,0,0,1,1,0,0,0,0,0,0,0,0,0,0,1,0,11,0,0,0,0,0,0,0,0,0,1111,1111,0,0,0,0,0,0,0,0,0,0,0,0,0,0,1111111111,0,1,0,0,0,0,0,0,0,11111111,11111111,0,1,0,0,0,1,0,0,0,0,0,0,0,0,0,0,1,1,1
206000,0,1,1,0,0,0,0,0,0,0,0,0,10000,0,1,1,1,0,10,10,10,10,1,1,0,0,0,0,11111111,0,0,0,0,0,x,10000,1,0,1,0,0,0,0,x,1,0,0,0,0,0,0,0,0,1,1,0,0,0,0,0,0,0,0,0,0,1,0,11,0,0,0,0,0,0,0,0,0,1111,1111,0,0,0,0,0,0,0,0,0,0,0,0,0,0,1111111111,0,1,0,0,0,0,0,0,0,11111111,11111111,0,1,0,0,0,1,0,0,0,0,0,0,0,0,0,0,1,1,1
210000,0,0,1,0,0,0,0,0,0,0,0,0,10000,0,1,1,1,0,10,10,10,10,1,1,0,0,0,0,11111111,0,0,0,0,0,x,10000,1,0,1,0,0,0,0,x,1,0,0,0,0,0,0,0,0,1,1,0,0,0,0,0,0,0,0,0,0,1,0,11,0,0,0,0,0,0,0,0,0,1111,1111,0,0,0,0,0,0,0,0,0,0,0,0,0,0,1111111111,0,1,0,0,0,0,0,0,0,11111111,11111111,0,0,0,0,0,1,0,0,0,0,0,0,0,0,0,0,1,1,1
215000,0,1,1,0,0,0,0,0,0,0,0,0,0,0,11011110101011011011111011101111,11011110101011011011111011101111,1,0,10,10,10,10,1,1,0,0,0,0,11111111,0,0,0,0,0,x,0,11011110101011011011111011101111,1,1,0,0,0,0,x,1,0,0,0,0,0,0,0,0,1,1,0,0,0,0,0,1,0,0,0,0,1,0,11,0,0,0,0,0,0,0,0,0,1111,1111,0,0,0,0,0,0,0,0,0,1,0,0,0,0,1111111111,0,1,0,0,0,0,0,0,0,11111111,11111111,0,1,0,0,0,1,0,0,0,0,0,0,0,0,0,0,1,1,1
216000,0,1,1,0,0,0,0,0,0,0,0,0,0,0,11011110101011011011111011101111,11011110101011011011111011101111,1,0,10,10,0,0,1,1,0,0,0,0,11111111,0,0,0,0,0,x,0,11011110101011011011111011101111,1,1,0,0,0,0,x,1,0,0,0,0,0,0,0,0,1,1,0,0,0,0,0,1,0,0,0,0,1,0,11,0,0,0,0,0,0,0,0,0,1111,1111,0,0,0,0,0,0,0,0,0,1,0,0,0,0,1111111111,0,1,0,0,0,0,0,0,0,11111111,11111111,0,1,0,0,0,1,0,0,0,0,0,0,0,0,0,0,1,1,1
220000,0,0,1,0,0,0,0,0,0,0,0,0,0,0,11011110101011011011111011101111,11011110101011011011111011101111,1,0,10,10,0,0,1,1,0,0,0,0,11111111,0,0,0,0,0,x,0,11011110101011011011111011101111,1,1,0,0,0,0,x,1,0,0,0,0,0,0,0,0,1,1,0,0,0,0,0,1,0,0,0,0,1,0,11,0,0,0,0,0,0,0,0,0,1111,1111,0,0,0,0,0,0,0,0,0,1,0,0,0,0,1111111111,0,1,0,0,0,0,0,0,0,11111111,11111111,0,0,0,0,0,1,0,0,0,0,0,0,0,0,0,0,1,1,1
225000,0,1,1,0,0,0,0,0,0,0,0,0,0,0,11011110101011011011111011101111,11011110101011011011111011101111,1,0,10,10,0,0,1,1,0,0,0,0,11111111,0,0,0,0,0,x,0,11011110101011011011111011101111,0,1,0,0,0,0,x,1,0,0,0,0,0,0,0,0,1,1,0,0,0,0,0,0,0,0,0,0,1,0,11,0,0,0,0,0,0,0,0,0,1111,1111,0,0,0,0,0,0,0,0,0,0,0,0,0,0,1111111111,0,1,0,0,0,0,0,0,0,11111111,11111111,0,1,0,0,0,1,0,0,0,0,0,0,0,0,0,0,1,1,1
226000,0,1,1,0,0,0,0,0,0,0,100,100,0,0,11011110101011011011111011101111,11011110101011011011111011101111,1,0,10,10,10,10,1,1,0,0,0,0,11111111,0,0,0,0,0,x,0,11011110101011011011111011101111,0,1,0,0,0,0,x,1,0,0,0,0,0,0,0,0,1,1,0,0,0,0,0,0,0,0,0,0,1,0,11,0,0,0,0,0,0,0,0,0,1111,1111,0,0,0,0,0,0,0,0,0,0,0,0,0,0,1111111111,0,1,0,0,0,0,0,0,0,11111111,11111111,0,1,0,0,0,1,0,0,0,0,0,0,0,0,0,0,1,1,1
230000,0,0,1,0,0,0,0,0,0,0,100,100,0,0,11011110101011011011111011101111,11011110101011011011111011101111,1,0,10,10,10,10,1,1,0,0,0,0,11111111,0,0,0,0,0,x,0,11011110101011011011111011101111,0,1,0,0,0,0,x,1,0,0,0,0,0,0,0,0,1,1,0,0,0,0,0,0,0,0,0,0,1,0,11,0,0,0,0,0,0,0,0,0,1111,1111,0,0,0,0,0,0,0,0,0,0,0,0,0,0,1111111111,0,1,0,0,0,0,0,0,0,11111111,11111111,0,0,0,0,0,1,0,0,0,0,0,0,0,0,0,0,1,1,1
235000,0,1,1,0,0,0,0,0,0,0,100,100,100,0,11001010111111101011101010111110,11001010111111101011101010111110,1,0,10,10,10,10,1,1,0,0,0,0,11111111,0,0,0,0,0,x,100,11001010111111101011101010111110,1,1,0,0,0,0,x,1,0,0,0,0,0,0,0,0,1,1,0,0,0,0,0,1,0,0,0,0,1,0,11,0,0,0,0,0,0,0,0,0,1111,1111,0,0,0,0,0,0,0,0,0,1,0,0,0,0,1111111111,0,1,0,0,0,0,0,0,0,0,0,0,1,0,0,0,1,11,11,0,0,0,0,0,0,0,0,1,1,1
236000,0,1,1,0,0,0,0,0,0,0,100,100,100,0,11001010111111101011101010111110,11001010111111101011101010111110,1,0,10,10,0,0,1,1,0,0,0,0,11111111,0,0,0,0,0,x,100,11001010111111101011101010111110,1,1,0,0,0,0,x,1,0,0,0,0,0,0,0,0,1,1,0,0,0,0,0,1,0,0,0,0,1,0,11,0,0,0,0,0,0,0,0,0,1111,1111,0,0,0,0,0,0,0,0,0,1,0,0,0,0,1111111111,0,1,0,0,0,0,0,0,0,0,0,0,1,0,0,0,1,11,11,0,0,0,0,0,0,0,0,1,1,1
240000,0,0,1,0,0,0,0,0,0,0,100,100,100,0,11001010111111101011101010111110,11001010111111101011101010111110,1,0,10,10,0,0,1,1,0,0,0,0,11111111,0,0,0,0,0,x,100,11001010111111101011101010111110,1,1,0,0,0,0,x,1,0,0,0,0,0,0,0,0,1,1,0,0,0,0,0,1,0,0,0,0,1,0,11,0,0,0,0,0,0,0,0,0,1111,1111,0,0,0,0,0,0,0,0,0,1,0,0,0,0,1111111111,0,1,0,0,0,0,0,0,0,0,0,0,0,0,0,0,1,11,11,0,0,0,0,0,0,0,0,1,1,1
245000,0,1,1,0,0,0,0,0,0,0,100,100,100,0,11001010111111101011101010111110,11001010111111101011101010111110,1,0,10,10,0,0,1,1,0,0,0,0,11111111,0,0,0,0,0,x,100,11001010111111101011101010111110,0,1,0,0,0,0,x,1,0,0,0,0,0,0,0,0,1,1,0,0,0,0,0,0,0,0,0,0,1,0,11,0,0,0,0,0,0,0,0,0,1111,1111,0,0,0,0,0,0,0,0,0,0,0,0,0,0,1111111111,0,1,0,0,0,0,0,0,0,0,0,0,1,0,0,0,1,11,11,0,0,0,0,0,0,0,0,1,1,1
246000,0,1,1,0,0,0,0,0,0,0,1000,1000,100,0,11001010111111101011101010111110,11001010111111101011101010111110,1,0,10,10,10,10,1,1,0,0,0,0,11111111,0,0,0,0,0,x,100,11001010111111101011101010111110,0,1,0,0,0,0,x,1,0,0,0,0,0,0,0,0,1,1,0,0,0,0,0,0,0,0,0,0,1,0,11,0,0,0,0,0,0,0,0,0,1111,1111,0,0,0,0,0,0,0,0,0,0,0,0,0,0,1111111111,0,1,0,0,0,0,0,0,0,0,0,0,1,0,0,0,1,11,11,0,0,0,0,0,0,0,0,1,1,1
250000,0,0,1,0,0,0,0,0,0,0,1000,1000,100,0,11001010111111101011101010111110,11001010111111101011101010111110,1,0,10,10,10,10,1,1,0,0,0,0,11111111,0,0,0,0,0,x,100,11001010111111101011101010111110,0,1,0,0,0,0,x,1,0,0,0,0,0,0,0,0,1,1,0,0,0,0,0,0,0,0,0,0,1,0,11,0,0,0,0,0,0,0,0,0,1111,1111,0,0,0,0,0,0,0,0,0,0,0,0,0,0,1111111111,0,1,0,0,0,0,0,0,0,0,0,0,0,0,0,0,1,11,11,0,0,0,0,0,0,0,0,1,1,1
255000,0,1,1,0,0,0,0,0,0,0,1000,1000,1000,0,10010001101000101011001111000,10010001101000101011001111000,1,0,10,10,10,10,1,1,0,0,0,0,11111111,0,0,0,0,0,x,1000,10010001101000101011001111000,1,1,0,0,0,0,x,1,0,0,0,0,0,0,0,0,1,1,0,0,0,0,0,1,0,0,0,0,1,0,11,0,0,0,0,0,0,0,0,0,1111,1111,0,0,0,0,0,0,0,0,0,1,0,0,0,0,1111111111,0,1,0,0,0,0,0,0,0,0,0,0,1,0,0,0,1,0,0,0,0,0,0,0,0,0,0,1,1,1
256000,0,1,1,0,0,0,0,0,0,0,1000,1000,1000,0,10010001101000101011001111000,10010001101000101011001111000,1,0,10,10,0,0,1,1,0,0,0,0,11111111,0,0,0,0,0,x,1000,10010001101000101011001111000,1,1,0,0,0,0,x,1,0,0,0,0,0,0,0,0,1,1,0,0,0,0,0,1,0,0,0,0,1,0,11,0,0,0,0,0,0,0,0,0,1111,1111,0,0,0,0,0,0,0,0,0,1,0,0,0,0,1111111111,0,1,0,0,0,0,0,0,0,0,0,0,1,0,0,0,1,0,0,0,0,0,0,0,0,0,0,1,1,1
260000,0,0,1,0,0,0,0,0,0,0,1000,1000,1000,0,10010001101000101011001111000,10010001101000101011001111000,1,0,10,10,0,0,1,1,0,0,0,0,11111111,0,0,0,0,0,x,1000,10010001101000101011001111000,1,1,0,0,0,0,x,1,0,0,0,0,0,0,0,0,1,1,0,0,0,0,0,1,0,0,0,0,1,0,11,0,0,0,0,0,0,0,0,0,1111,1111,0,0,0,0,0,0,0,0,0,1,0,0,0,0,1111111111,0,1,0,0,0,0,0,0,0,0,0,0,0,0,0,0,1,0,0,0,0,0,0,0,0,0,0,1,1,1
265000,0,1,1,0,0,0,0,0,0,0,1000,1000,1000,0,10010001101000101011001111000,10010001101000101011001111000,1,0,10,10,0,0,1,1,0,0,0,0,11111111,0,0,0,0,0,x,1000,10010001101000101011001111000,0,1,0,0,0,0,x,1,0,0,0,0,0,0,0,0,1,1,0,0,0,0,0,0,0,0,0,0,1,0,11,0,0,0,0,0,0,0,0,0,1111,1111,0,0,0,0,0,0,0,0,0,0,0,0,0,0,1111111111,0,1,0,0,0,0,0,0,0,0,0,0,1,0,0,0,1,0,0,0,0,0,0,0,0,0,0,1,1,1
266000,0,1,1,0,0,0,0,0,0,0,1100,1100,1000,0,10010001101000101011001111000,10010001101000101011001111000,1,0,10,10,10,10,1,1,0,0,0,0,11111111,0,0,0,0,0,x,1000,10010001101000101011001111000,0,1,0,0,0,0,x,1,0,0,0,0,0,0,0,0,1,1,0,0,0,0,0,0,0,0,0,0,1,0,11,0,0,0,0,0,0,0,0,0,1111,1111,0,0,0,0,0,0,0,0,0,0,0,0,0,0,1111111111,0,1,0,0,0,0,0,0,0,0,0,0,1,0,0,0,1,0,0,0,0,0,0,0,0,0,0,1,1,1
270000,0,0,1,0,0,0,0,0,0,0,1100,1100,1000,0,10010001101000101011001111000,10010001101000101011001111000,1,0,10,10,10,10,1,1,0,0,0,0,11111111,0,0,0,0,0,x,1000,10010001101000101011001111000,0,1,0,0,0,0,x,1,0,0,0,0,0,0,0,0,1,1,0,0,0,0,0,0,0,0,0,0,1,0,11,0,0,0,0,0,0,0,0,0,1111,1111,0,0,0,0,0,0,0,0,0,0,0,0,0,0,1111111111,0,1,0,0,0,0,0,0,0,0,0,0,0,0,0,0,1,0,0,0,0,0,0,0,0,0,0,1,1,1
275000,0,1,1,0,0,0,0,0,0,0,1100,1100,1100,0,10100101101001011010010110100101,10100101101001011010010110100101,1,0,10,10,10,10,1,1,0,0,0,0,11111111,0,0,0,0,0,x,1100,10100101101001011010010110100101,1,1,0,0,0,0,x,1,0,0,0,0,0,0,0,0,1,1,0,0,0,0,0,1,0,0,0,0,1,0,11,0,0,0,0,0,0,0,0,0,1111,1111,0,0,0,0,0,0,0,0,0,1,0,0,0,0,1111111111,0,1,0,0,0,0,0,0,0,0,0,0,1,0,0,0,1,0,0,0,0,0,0,0,0,0,0,1,1,1
276000,0,1,1,0,0,0,0,0,0,0,1100,1100,1100,0,10100101101001011010010110100101,10100101101001011010010110100101,1,0,10,10,0,0,1,1,0,0,0,0,11111111,0,0,0,0,0,x,1100,10100101101001011010010110100101,1,1,0,0,0,0,x,1,0,0,0,0,0,0,0,0,1,1,0,0,0,0,0,1,0,0,0,0,1,0,11,0,0,0,0,0,0,0,0,0,1111,1111,0,0,0,0,0,0,0,0,0,1,0,0,0,0,1111111111,0,1,0,0,0,0,0,0,0,0,0,0,1,0,0,0,1,0,0,0,0,0,0,0,0,0,0,1,1,1
280000,0,0,1,0,0,0,0,0,0,0,1100,1100,1100,0,10100101101001011010010110100101,10100101101001011010010110100101,1,0,10,10,0,0,1,1,0,0,0,0,11111111,0,0,0,0,0,x,1100,10100101101001011010010110100101,1,1,0,0,0,0,x,1,0,0,0,0,0,0,0,0,1,1,0,0,0,0,0,1,0,0,0,0,1,0,11,0,0,0,0,0,0,0,0,0,1111,1111,0,0,0,0,0,0,0,0,0,1,0,0,0,0,1111111111,0,1,0,0,0,0,0,0,0,0,0,0,0,0,0,0,1,0,0,0,0,0,0,0,0,0,0,1,1,1
285000,0,1,1,0,0,0,0,0,0,0,1100,1100,1100,0,10100101101001011010010110100101,10100101101001011010010110100101,1,0,10,10,0,0,1,1,0,0,0,0,11111111,0,0,0,0,0,x,1100,10100101101001011010010110100101,0,1,0,0,0,0,x,1,0,0,0,0,0,0,0,0,1,1,0,0,0,0,0,0,0,0,0,0,1,0,11,0,0,0,0,0,0,0,0,0,1111,1111,0,0,0,0,0,0,0,0,0,0,0,0,0,0,1111111111,0,1,0,0,0,0,0,0,0,0,0,0,1,0,0,0,1,0,0,0,0,0,0,0,0,0,0,1,1,1
286000,0,1,1,0,0,0,0,0,0,0,10000,10000,1100,0,10100101101001011010010110100101,10100101101001011010010110100101,1,0,10,10,10,10,1,1,0,0,0,0,11111111,0,0,0,0,0,x,1100,10100101101001011010010110100101,0,1,0,0,0,0,x,1,0,0,0,0,0,0,0,0,1,1,0,0,0,0,0,0,0,0,0,0,1,0,11,0,0,0,0,0,0,0,0,0,1111,1111,0,0,0,0,0,0,0,0,0,0,0,0,0,0,1111111111,0,1,0,0,0,0,0,0,0,0,0,0,1,0,0,0,1,0,0,0,0,0,0,0,0,0,0,1,1,1
290000,0,0,1,0,0,0,0,0,0,0,10000,10000,1100,0,10100101101001011010010110100101,10100101101001011010010110100101,1,0,10,10,10,10,1,1,0,0,0,0,11111111,0,0,0,0,0,x,1100,10100101101001011010010110100101,0,1,0,0,0,0,x,1,0,0,0,0,0,0,0,0,1,1,0,0,0,0,0,0,0,0,0,0,1,0,11,0,0,0,0,0,0,0,0,0,1111,1111,0,0,0,0,0,0,0,0,0,0,0,0,0,0,1111111111,0,1,0,0,0,0,0,0,0,0,0,0,0,0,0,0,1,0,0,0,0,0,0,0,0,0,0,1,1,1
295000,0,1,1,0,0,0,0,0,0,0,10000,10000,10000,0,1,1,1,0,10,10,10,10,1,1,0,0,0,0,11111111,0,0,0,0,0,x,10000,1,1,1,0,0,0,0,x,1,0,0,0,0,0,0,0,0,1,1,0,0,0,0,0,1,0,0,0,0,1,0,11,0,0,0,0,0,0,0,0,0,1111,1111,0,0,0,0,0,0,0,0,0,1,0,0,0,0,1111111111,0,1,0,0,0,0,0,0,0,11111111,11111111,0,1,0,0,0,1,0,0,0,0,0,0,0,0,0,0,1,1,1
296000,0,1,1,0,0,0,0,0,0,0,10000,10000,10000,0,1,1,1,0,10,10,0,0,1,1,0,0,0,0,11111111,0,0,0,0,0,x,10000,1,1,1,0,0,0,0,x,1,0,0,0,0,0,0,0,0,1,1,0,0,0,0,0,1,0,0,0,0,1,0,11,0,0,0,0,0,0,0,0,0,1111,1111,0,0,0,0,0,0,0,0,0,1,0,0,0,0,1111111111,0,1,0,0,0,0,0,0,0,11111111,11111111,0,1,0,0,0,1,0,0,0,0,0,0,0,0,0,0,1,1,1
300000,0,0,1,0,0,0,0,0,0,0,10000,10000,10000,0,1,1,1,0,10,10,0,0,1,1,0,0,0,0,11111111,0,0,0,0,0,x,10000,1,1,1,0,0,0,0,x,1,0,0,0,0,0,0,0,0,1,1,0,0,0,0,0,1,0,0,0,0,1,0,11,0,0,0,0,0,0,0,0,0,1111,1111,0,0,0,0,0,0,0,0,0,1,0,0,0,0,1111111111,0,1,0,0,0,0,0,0,0,11111111,11111111,0,0,0,0,0,1,0,0,0,0,0,0,0,0,0,0,1,1,1
305000,0,1,1,0,0,0,0,0,0,0,10000,10000,10000,0,1,1,1,0,10,10,0,0,1,1,0,0,0,0,11111111,0,0,0,0,0,x,10000,1,0,1,0,0,0,0,x,1,0,0,0,0,0,0,0,0,1,1,0,0,0,0,0,0,0,0,0,0,1,0,11,0,0,0,0,0,0,0,0,0,1111,1111,0,0,0,0,0,0,0,0,0,0,0,0,0,0,1111111111,0,1,0,0,0,0,0,0,0,11111111,11111111,0,1,0,0,0,1,0,0,0,0,0,0,0,0,0,0,1,1,1
306000,0,1,1,0,0,0,0,0,0,0,10000,10000,10000,0,1,1,1,0,10,10,0,0,1,1,0,0,0,0,11111111,0,0,0,0,0,x,10000,1,0,1,0,0,0,0,x,1,0,0,0,0,0,0,0,0,1,1,0,0,0,0,0,0,0,0,0,0,1,0,11,0,0,0,0,0,0,0,0,0,1111,1111,0,0,0,0,10001000100010010001000100010,10001000100010010001000100010,1,1,0,0,0,0,0,0,1111111111,0,1,0,0,0,0,0,0,0,11111111,11111111,0,1,0,0,0,1,0,0,0,0,0,0,0,0,0,0,1,1,1
310000,0,0,1,0,0,0,0,0,0,0,10000,10000,10000,0,1,1,1,0,10,10,0,0,1,1,0,0,0,0,11111111,0,0,0,0,0,x,10000,1,0,1,0,0,0,0,x,1,0,0,0,0,0,0,0,0,1,1,0,0,0,0,0,0,0,0,0,0,1,0,11,0,0,0,0,0,0,0,0,0,1111,1111,0,0,0,0,10001000100010010001000100010,10001000100010010001000100010,1,1,0,0,0,0,0,0,1111111111,0,1,0,0,0,0,0,0,0,11111111,11111111,0,0,0,0,0,1,0,0,0,0,0,0,0,0,0,0,1,1,1
315000,0,1,1,0,0,0,0,0,0,0,10000,10000,10000,0,1,1,1,0,10,10,0,0,1,1,0,0,0,0,11111111,0,0,0,0,0,x,10000,1,0,1,0,0,0,0,x,1,0,0,0,0,0,0,0,0,1,1,0,0,0,0,0,0,0,0,0,0,1,0,11,0,0,0,0,0,0,0,0,0,1111,1111,0,0,0,0,10001000100010010001000100010,10001000100010010001000100010,1,1,0,0,0,0,0,0,1111111111,0,1,0,0,0,0,0,0,0,11111111,11111111,0,1,0,0,0,1,0,0,0,0,0,0,0,0,0,0,1,1,1
316000,0,1,1,0,0,0,0,0,0,0,10000,10000,10000,0,1,1,1,0,10,10,0,0,1,1,0,0,0,0,11111111,0,0,0,0,0,x,10000,1,0,1,0,0,0,0,x,1,0,0,0,0,0,0,0,0,1,1,0,0,0,0,0,0,0,0,0,0,1,0,11,0,0,0,0,0,0,0,1,1,1111,1111,0,0,0,0,10001000100010010001000100011,10001000100010010001000100011,1,1,0,0,0,0,0,0,1111111111,0,1,0,0,0,0,0,0,0,11111111,11111111,0,1,0,0,0,1,0,0,0,0,0,0,0,0,0,0,1,1,1
320000,0,0,1,0,0,0,0,0,0,0,10000,10000,10000,0,1,1,1,0,10,10,0,0,1,1,0,0,0,0,11111111,0,0,0,0,0,x,10000,1,0,1,0,0,0,0,x,1,0,0,0,0,0,0,0,0,1,1,0,0,0,0,0,0,0,0,0,0,1,0,11,0,0,0,0,0,0,0,1,1,1111,1111,0,0,0,0,10001000100010010001000100011,10001000100010010001000100011,1,1,0,0,0,0,0,0,1111111111,0,1,0,0,0,0,0,0,0,11111111,11111111,0,0,0,0,0,1,0,0,0,0,0,0,0,0,0,0,1,1,1
325000,0,1,1,0,0,0,0,0,0,0,10000,10000,10000,0,1,1,1,0,10,10,0,0,1,1,0,0,0,0,11111111,0,0,0,0,0,x,10000,1,0,1,0,0,0,0,x,1,0,0,0,0,0,0,0,0,1,1,0,0,0,0,0,0,0,0,0,0,1,0,11,0,0,0,0,0,0,0,1,1,1111,1111,0,0,0,0,10001000100010010001000100011,10001000100010010001000100011,1,1,0,0,0,0,0,0,1111111111,0,1,0,0,0,0,0,0,0,11111111,11111111,0,1,0,0,0,1,0,0,0,0,0,0,0,0,0,0,1,1,1
326000,0,1,1,0,0,0,0,0,0,0,10000,10000,10000,0,1,1,1,0,10,10,0,0,1,1,0,0,0,0,11111111,0,0,0,0,0,x,10000,1,0,1,0,0,0,0,x,1,0,0,0,0,0,0,0,0,1,1,0,0,0,0,0,0,0,0,0,0,1,0,11,0,0,0,0,0,0,0,10,10,1111,1111,0,0,0,0,10001000100010010001000100000,10001000100010010001000100000,1,1,0,0,0,0,0,0,1111111111,0,1,0,0,0,0,0,0,0,11111111,11111111,0,1,0,0,0,1,0,0,0,0,0,0,0,0,0,0,1,1,1
330000,0,0,1,0,0,0,0,0,0,0,10000,10000,10000,0,1,1,1,0,10,10,0,0,1,1,0,0,0,0,11111111,0,0,0,0,0,x,10000,1,0,1,0,0,0,0,x,1,0,0,0,0,0,0,0,0,1,1,0,0,0,0,0,0,0,0,0,0,1,0,11,0,0,0,0,0,0,0,10,10,1111,1111,0,0,0,0,10001000100010010001000100000,10001000100010010001000100000,1,1,0,0,0,0,0,0,1111111111,0,1,0,0,0,0,0,0,0,11111111,11111111,0,0,0,0,0,1,0,0,0,0,0,0,0,0,0,0,1,1,1
335000,0,1,1,0,0,0,0,0,0,0,10000,10000,10000,0,1,1,1,0,10,10,0,0,1,1,0,0,0,0,11111111,0,0,0,0,0,x,10000,1,0,1,0,0,0,0,x,1,0,0,0,0,0,0,0,0,1,1,0,0,0,0,0,0,0,0,0,0,1,0,11,0,0,0,0,0,0,0,10,10,1111,1111,0,0,0,0,10001000100010010001000100000,10001000100010010001000100000,1,1,0,0,0,0,0,0,1111111111,0,1,0,0,0,0,0,0,0,11111111,11111111,0,1,0,0,0,1,0,0,0,0,0,0,0,0,0,0,1,1,1
336000,0,1,1,0,0,0,0,0,0,0,10000,10000,10000,0,1,1,1,0,10,10,0,0,1,1,0,0,0,0,11111111,0,0,0,0,0,x,10000,1,0,1,0,0,0,0,x,1,0,0,0,0,0,0,0,0,1,1,0,0,0,0,0,0,0,0,0,0,1,0,11,0,0,0,0,0,0,0,11,11,1111,1111,0,0,0,0,10001000100010010001000100001,10001000100010010001000100001,1,1,0,0,0,0,0,0,1111111111,0,1,0,0,0,0,0,0,0,11111111,11111111,0,1,0,0,0,1,0,0,0,0,0,0,0,0,0,0,1,1,1
340000,0,0,1,0,0,0,0,0,0,0,10000,10000,10000,0,1,1,1,0,10,10,0,0,1,1,0,0,0,0,11111111,0,0,0,0,0,x,10000,1,0,1,0,0,0,0,x,1,0,0,0,0,0,0,0,0,1,1,0,0,0,0,0,0,0,0,0,0,1,0,11,0,0,0,0,0,0,0,11,11,1111,1111,0,0,0,0,10001000100010010001000100001,10001000100010010001000100001,1,1,0,0,0,0,0,0,1111111111,0,1,0,0,0,0,0,0,0,11111111,11111111,0,0,0,0,0,1,0,0,0,0,0,0,0,0,0,0,1,1,1
345000,0,1,1,0,0,0,0,0,0,0,10000,10000,10000,0,1,1,1,0,10,10,0,0,1,1,0,0,0,0,11111111,0,0,0,0,0,x,10000,1,0,1,0,0,0,0,x,1,0,0,0,0,0,0,0,0,1,1,0,0,0,0,0,0,0,0,0,0,1,0,11,0,0,0,0,0,0,0,11,11,1111,1111,0,0,0,0,10001000100010010001000100001,10001000100010010001000100001,1,1,0,0,0,0,0,0,1111111111,0,1,0,0,0,0,0,0,0,11111111,11111111,0,1,0,0,0,1,0,0,0,0,0,0,0,0,0,0,1,1,1
346000,0,1,1,0,0,0,0,0,0,0,10000,10000,10000,0,1,1,1,0,10,10,0,0,1,1,0,0,0,0,11111111,0,0,0,0,0,x,10000,1,0,1,0,0,0,0,x,1,0,0,0,0,0,0,0,0,1,1,0,0,0,0,0,0,0,0,0,0,1,0,11,0,0,0,0,0,0,0,100,100,1111,1111,0,0,0,0,10001000100010010001000100110,10001000100010010001000100110,1,1,0,0,0,0,0,0,1111111111,0,1,0,0,0,0,0,0,0,11111111,11111111,0,1,0,0,0,1,0,0,0,0,0,0,0,0,0,0,1,1,1
350000,0,0,1,0,0,0,0,0,0,0,10000,10000,10000,0,1,1,1,0,10,10,0,0,1,1,0,0,0,0,11111111,0,0,0,0,0,x,10000,1,0,1,0,0,0,0,x,1,0,0,0,0,0,0,0,0,1,1,0,0,0,0,0,0,0,0,0,0,1,0,11,0,0,0,0,0,0,0,100,100,1111,1111,0,0,0,0,10001000100010010001000100110,10001000100010010001000100110,1,1,0,0,0,0,0,0,1111111111,0,1,0,0,0,0,0,0,0,11111111,11111111,0,0,0,0,0,1,0,0,0,0,0,0,0,0,0,0,1,1,1
355000,0,1,1,0,0,0,0,0,0,0,10000,10000,10000,0,1,1,1,0,10,10,0,0,1,1,0,0,0,0,11111111,0,0,0,0,0,x,10000,1,0,1,0,0,0,0,x,1,0,0,0,0,0,0,0,0,1,1,0,0,0,0,0,0,0,0,0,0,1,0,11,0,0,0,0,0,0,0,100,100,1111,1111,0,0,0,0,10001000100010010001000100110,10001000100010010001000100110,1,1,0,0,0,0,0,0,1111111111,0,1,0,0,0,0,0,0,0,11111111,11111111,0,1,0,0,0,1,0,0,0,0,0,0,0,0,0,0,1,1,1
356000,0,1,1,0,0,0,0,0,0,0,10000,10000,10000,0,1,1,1,0,10,10,0,0,1,1,0,0,0,0,11111111,0,0,0,0,0,x,10000,1,0,1,0,0,0,0,x,1,0,0,0,0,0,0,0,0,1,1,0,0,0,0,0,0,0,0,0,0,1,0,11,0,0,0,0,0,0,0,101,101,1111,1111,0,0,0,0,10001000100010010001000100111,10001000100010010001000100111,1,1,0,0,0,0,0,0,1111111111,0,1,0,0,0,0,0,0,0,11111111,11111111,0,1,0,0,0,1,0,0,0,0,0,0,0,0,0,0,1,1,1
360000,0,0,1,0,0,0,0,0,0,0,10000,10000,10000,0,1,1,1,0,10,10,0,0,1,1,0,0,0,0,11111111,0,0,0,0,0,x,10000,1,0,1,0,0,0,0,x,1,0,0,0,0,0,0,0,0,1,1,0,0,0,0,0,0,0,0,0,0,1,0,11,0,0,0,0,0,0,0,101,101,1111,1111,0,0,0,0,10001000100010010001000100111,10001000100010010001000100111,1,1,0,0,0,0,0,0,1111111111,0,1,0,0,0,0,0,0,0,11111111,11111111,0,0,0,0,0,1,0,0,0,0,0,0,0,0,0,0,1,1,1
365000,0,1,1,0,0,0,0,0,0,0,10000,10000,10000,0,1,1,1,0,10,10,0,0,1,1,0,0,0,0,11111111,0,0,0,0,0,x,10000,1,0,1,0,0,0,0,x,1,0,0,0,0,0,0,0,0,1,1,0,0,0,0,0,0,0,0,0,0,1,0,11,0,0,0,0,0,0,0,101,101,1111,1111,0,0,0,0,10001000100010010001000100111,10001000100010010001000100111,1,1,0,0,0,0,0,0,1111111111,0,1,0,0,0,0,0,0,0,11111111,11111111,0,1,0,0,0,1,0,0,0,0,0,0,0,0,0,0,1,1,1
366000,0,1,1,0,0,0,0,0,0,0,10000,10000,10000,0,1,1,1,0,10,10,0,0,1,1,0,0,0,0,11111111,0,0,0,0,0,x,10000,1,0,1,0,0,0,0,x,1,0,0,0,0,0,0,0,0,1,1,0,0,0,0,0,0,0,0,0,0,1,0,11,0,0,0,0,0,0,0,110,110,1111,1111,0,0,0,0,10001000100010010001000100100,10001000100010010001000100100,1,1,0,0,0,0,0,0,1111111111,0,1,0,0,0,0,0,0,0,11111111,11111111,0,1,0,0,0,1,0,0,0,0,0,0,0,0,0,0,1,1,1
370000,0,0,1,0,0,0,0,0,0,0,10000,10000,10000,0,1,1,1,0,10,10,0,0,1,1,0,0,0,0,11111111,0,0,0,0,0,x,10000,1,0,1,0,0,0,0,x,1,0,0,0,0,0,0,0,0,1,1,0,0,0,0,0,0,0,0,0,0,1,0,11,0,0,0,0,0,0,0,110,110,1111,1111,0,0,0,0,10001000100010010001000100100,10001000100010010001000100100,1,1,0,0,0,0,0,0,1111111111,0,1,0,0,0,0,0,0,0,11111111,11111111,0,0,0,0,0,1,0,0,0,0,0,0,0,0,0,0,1,1,1
375000,0,1,1,0,0,0,0,0,0,0,10000,10000,10000,0,1,1,1,0,10,10,0,0,1,1,0,0,0,0,11111111,0,0,0,0,0,x,10000,1,0,1,0,0,0,0,x,1,0,0,0,0,0,0,0,0,1,1,0,0,0,0,0,0,0,0,0,0,1,0,11,0,0,0,0,0,0,0,110,110,1111,1111,0,0,0,0,10001000100010010001000100100,10001000100010010001000100100,1,1,0,0,0,0,0,0,1111111111,0,1,0,0,0,0,0,0,0,11111111,11111111,0,1,0,0,0,1,0,0,0,0,0,0,0,0,0,0,1,1,1
376000,0,1,1,0,0,0,0,0,0,0,10000,10000,10000,0,1,1,1,0,10,10,0,0,1,1,0,0,0,0,11111111,0,0,0,0,0,x,10000,1,0,1,0,0,0,0,x,1,0,0,0,0,0,0,0,0,1,1,0,0,0,0,0,0,0,0,0,0,1,0,11,0,0,0,0,0,0,0,111,111,1111,1111,0,0,0,0,10001000100010010001000100101,10001000100010010001000100101,1,1,0,0,0,0,0,0,1111111111,0,1,0,0,0,0,0,0,0,11111111,11111111,0,1,0,0,0,1,0,0,0,0,0,0,0,0,0,0,1,1,1
380000,0,0,1,0,0,0,0,0,0,0,10000,10000,10000,0,1,1,1,0,10,10,0,0,1,1,0,0,0,0,11111111,0,0,0,0,0,x,10000,1,0,1,0,0,0,0,x,1,0,0,0,0,0,0,0,0,1,1,0,0,0,0,0,0,0,0,0,0,1,0,11,0,0,0,0,0,0,0,111,111,1111,1111,0,0,0,0,10001000100010010001000100101,10001000100010010001000100101,1,1,0,0,0,0,0,0,1111111111,0,1,0,0,0,0,0,0,0,11111111,11111111,0,0,0,0,0,1,0,0,0,0,0,0,0,0,0,0,1,1,1
385000,0,1,1,0,0,0,0,0,0,0,10000,10000,10000,0,1,1,1,0,10,10,0,0,1,1,0,0,0,0,11111111,0,0,0,0,0,x,10000,1,0,1,0,0,0,0,x,1,0,0,0,0,0,0,0,0,1,1,0,0,0,0,0,0,0,0,0,0,1,0,11,0,0,0,0,0,0,0,111,111,1111,1111,0,0,0,0,10001000100010010001000100101,10001000100010010001000100101,1,1,0,0,0,0,0,0,1111111111,0,1,0,0,0,0,0,0,0,11111111,11111111,0,1,0,0,0,1,0,0,0,0,0,0,0,0,0,0,1,1,1
386000,0,1,1,0,0,0,0,0,0,0,10000,10000,10000,0,1,1,1,0,10,10,0,0,1,1,0,0,0,0,11111111,0,0,0,0,0,x,10000,1,0,1,0,0,0,0,x,1,0,0,0,0,0,0,0,0,1,1,0,0,0,0,0,0,0,0,0,0,1,0,11,0,0,0,0,0,0,0,1000,1000,1111,1111,0,0,0,0,10001000100010010001000101010,10001000100010010001000101010,1,1,0,0,0,0,0,0,1111111111,0,1,0,0,0,0,0,0,0,11111111,11111111,0,1,0,0,0,1,0,0,0,0,0,0,0,0,0,0,1,1,1
390000,0,0,1,0,0,0,0,0,0,0,10000,10000,10000,0,1,1,1,0,10,10,0,0,1,1,0,0,0,0,11111111,0,0,0,0,0,x,10000,1,0,1,0,0,0,0,x,1,0,0,0,0,0,0,0,0,1,1,0,0,0,0,0,0,0,0,0,0,1,0,11,0,0,0,0,0,0,0,1000,1000,1111,1111,0,0,0,0,10001000100010010001000101010,10001000100010010001000101010,1,1,0,0,0,0,0,0,1111111111,0,1,0,0,0,0,0,0,0,11111111,11111111,0,0,0,0,0,1,0,0,0,0,0,0,0,0,0,0,1,1,1
395000,0,1,1,0,0,0,0,0,0,0,10000,10000,10000,0,1,1,1,0,10,10,0,0,1,1,0,0,0,0,11111111,0,0,0,0,0,x,10000,1,0,1,0,0,0,0,x,1,0,0,0,0,0,0,0,0,1,1,0,0,0,0,0,0,0,0,0,0,1,0,11,0,0,0,0,0,0,0,1000,1000,1111,1111,0,0,0,0,10001000100010010001000101010,10001000100010010001000101010,1,1,0,0,0,0,0,0,1111111111,0,1,0,0,0,0,0,0,0,11111111,11111111,0,1,0,0,0,1,0,0,0,0,0,0,0,0,0,0,1,1,1
396000,0,1,1,0,0,0,0,0,0,0,10000,10000,10000,0,1,1,1,0,10,10,0,0,1,1,0,0,0,0,11111111,0,0,0,0,0,x,10000,1,0,1,0,0,0,0,x,1,0,0,0,0,0,0,0,0,1,1,0,0,0,0,0,0,0,0,0,0,1,0,11,0,0,0,0,0,0,0,1001,1001,1111,1111,0,0,0,0,10001000100010010001000101011,10001000100010010001000101011,1,1,0,0,0,0,0,0,1111111111,0,1,0,0,0,0,0,0,0,11111111,11111111,0,1,0,0,0,1,0,0,0,0,0,0,0,0,0,0,1,1,1
400000,0,0,1,0,0,0,0,0,0,0,10000,10000,10000,0,1,1,1,0,10,10,0,0,1,1,0,0,0,0,11111111,0,0,0,0,0,x,10000,1,0,1,0,0,0,0,x,1,0,0,0,0,0,0,0,0,1,1,0,0,0,0,0,0,0,0,0,0,1,0,11,0,0,0,0,0,0,0,1001,1001,1111,1111,0,0,0,0,10001000100010010001000101011,10001000100010010001000101011,1,1,0,0,0,0,0,0,1111111111,0,1,0,0,0,0,0,0,0,11111111,11111111,0,0,0,0,0,1,0,0,0,0,0,0,0,0,0,0,1,1,1
405000,0,1,1,0,0,0,0,0,0,0,10000,10000,10000,0,1,1,1,0,10,10,0,0,1,1,0,0,0,0,11111111,0,0,0,0,0,x,10000,1,0,1,0,0,0,0,x,1,0,0,0,0,0,0,0,0,1,1,0,0,0,0,0,0,0,0,0,0,1,0,11,0,0,0,0,0,0,0,1001,1001,1111,1111,0,0,0,0,10001000100010010001000101011,10001000100010010001000101011,1,1,0,0,0,0,0,0,1111111111,0,1,0,0,0,0,0,0,0,11111111,11111111,0,1,0,0,0,1,0,0,0,0,0,0,0,0,0,0,1,1,1
406000,0,1,1,0,0,0,0,0,0,0,10000,10000,10000,0,1,1,1,0,10,10,0,0,1,1,0,0,0,0,11111111,0,0,0,0,0,x,10000,1,0,1,0,0,0,0,x,1,0,0,0,0,0,0,0,0,1,1,0,0,0,0,0,0,0,0,0,0,1,0,11,0,0,0,0,0,0,0,1010,1010,1111,1111,0,0,0,0,10001000100010010001000101000,10001000100010010001000101000,1,1,0,0,0,0,0,0,1111111111,0,1,0,0,0,0,0,0,0,11111111,11111111,0,1,0,0,0,1,0,0,0,0,0,0,0,0,0,0,1,1,1
410000,0,0,1,0,0,0,0,0,0,0,10000,10000,10000,0,1,1,1,0,10,10,0,0,1,1,0,0,0,0,11111111,0,0,0,0,0,x,10000,1,0,1,0,0,0,0,x,1,0,0,0,0,0,0,0,0,1,1,0,0,0,0,0,0,0,0,0,0,1,0,11,0,0,0,0,0,0,0,1010,1010,1111,1111,0,0,0,0,10001000100010010001000101000,10001000100010010001000101000,1,1,0,0,0,0,0,0,1111111111,0,1,0,0,0,0,0,0,0,11111111,11111111,0,0,0,0,0,1,0,0,0,0,0,0,0,0,0,0,1,1,1
415000,0,1,1,0,0,0,0,0,0,0,10000,10000,10000,0,1,1,1,0,10,10,0,0,1,1,0,0,0,0,11111111,0,0,0,0,0,x,10000,1,0,1,0,0,0,0,x,1,0,0,0,0,0,0,0,0,1,1,0,0,0,0,0,0,0,0,0,0,1,0,11,0,0,0,0,0,0,0,1010,1010,1111,1111,0,0,0,0,10001000100010010001000101000,10001000100010010001000101000,1,1,0,0,0,0,0,0,1111111111,0,1,0,0,0,0,0,0,0,11111111,11111111,0,1,0,0,0,1,0,0,0,0,0,0,0,0,0,0,1,1,1
416000,0,1,1,0,0,0,0,0,0,0,10000,10000,10000,0,1,1,1,0,10,10,0,0,1,1,0,0,0,0,11111111,0,0,0,0,0,x,10000,1,0,1,0,0,0,0,x,1,0,0,0,0,0,0,0,0,1,1,0,0,0,0,0,0,0,0,0,0,1,0,11,0,0,0,0,0,0,0,1011,1011,1111,1111,0,0,0,0,10001000100010010001000101001,10001000100010010001000101001,1,1,0,0,0,0,0,0,1111111111,0,1,0,0,0,0,0,0,0,11111111,11111111,0,1,0,0,0,1,0,0,0,0,0,0,0,0,0,0,1,1,1
420000,0,0,1,0,0,0,0,0,0,0,10000,10000,10000,0,1,1,1,0,10,10,0,0,1,1,0,0,0,0,11111111,0,0,0,0,0,x,10000,1,0,1,0,0,0,0,x,1,0,0,0,0,0,0,0,0,1,1,0,0,0,0,0,0,0,0,0,0,1,0,11,0,0,0,0,0,0,0,1011,1011,1111,1111,0,0,0,0,10001000100010010001000101001,10001000100010010001000101001,1,1,0,0,0,0,0,0,1111111111,0,1,0,0,0,0,0,0,0,11111111,11111111,0,0,0,0,0,1,0,0,0,0,0,0,0,0,0,0,1,1,1
425000,0,1,1,0,0,0,0,0,0,0,10000,10000,10000,0,1,1,1,0,10,10,0,0,1,1,0,0,0,0,11111111,0,0,0,0,0,x,10000,1,0,1,0,0,0,0,x,1,0,0,0,0,0,0,0,0,1,1,0,0,0,0,0,0,0,0,0,0,1,0,11,0,0,0,0,0,0,0,1011,1011,1111,1111,0,0,0,0,10001000100010010001000101001,10001000100010010001000101001,1,1,0,0,0,0,0,0,1111111111,0,1,0,0,0,0,0,0,0,11111111,11111111,0,1,0,0,0,1,0,0,0,0,0,0,0,0,0,0,1,1,1
426000,0,1,1,0,0,0,0,0,0,0,10000,10000,10000,0,1,1,1,0,10,10,0,0,1,1,0,0,0,0,11111111,0,0,0,0,0,x,10000,1,0,1,0,0,0,0,x,1,0,0,0,0,0,0,0,0,1,1,0,0,0,0,0,0,0,0,0,0,1,0,11,0,0,0,0,0,0,0,1100,1100,1111,1111,0,0,0,0,10001000100010010001000101110,10001000100010010001000101110,1,1,0,0,0,0,0,0,1111111111,0,1,0,0,0,0,0,0,0,11111111,11111111,0,1,0,0,0,1,0,0,0,0,0,0,0,0,0,0,1,1,1
430000,0,0,1,0,0,0,0,0,0,0,10000,10000,10000,0,1,1,1,0,10,10,0,0,1,1,0,0,0,0,11111111,0,0,0,0,0,x,10000,1,0,1,0,0,0,0,x,1,0,0,0,0,0,0,0,0,1,1,0,0,0,0,0,0,0,0,0,0,1,0,11,0,0,0,0,0,0,0,1100,1100,1111,1111,0,0,0,0,10001000100010010001000101110,10001000100010010001000101110,1,1,0,0,0,0,0,0,1111111111,0,1,0,0,0,0,0,0,0,11111111,11111111,0,0,0,0,0,1,0,0,0,0,0,0,0,0,0,0,1,1,1
435000,0,1,1,0,0,0,0,0,0,0,10000,10000,10000,0,1,1,1,0,10,10,0,0,1,1,0,0,0,0,11111111,0,0,0,0,0,x,10000,1,0,1,0,0,0,0,x,1,0,0,0,0,0,0,0,0,1,1,0,0,0,0,0,0,0,0,0,0,1,0,11,0,0,0,0,0,0,0,1100,1100,1111,1111,0,0,0,0,10001000100010010001000101110,10001000100010010001000101110,1,1,0,0,0,0,0,0,1111111111,0,1,0,0,0,0,0,0,0,11111111,11111111,0,1,0,0,0,1,0,0,0,0,0,0,0,0,0,0,1,1,1
436000,0,1,1,0,0,0,0,0,0,0,10000,10000,10000,0,1,1,1,0,10,10,0,0,1,1,0,0,0,0,11111111,0,0,0,0,0,x,10000,1,0,1,0,0,0,0,x,1,0,0,0,0,0,0,0,0,1,1,0,0,0,0,0,0,0,0,0,0,1,0,11,0,0,0,0,0,0,0,1101,1101,1111,1111,0,0,0,0,10001000100010010001000101111,10001000100010010001000101111,1,1,0,0,0,0,0,0,1111111111,0,1,0,0,0,0,0,0,0,11111111,11111111,0,1,0,0,0,1,0,0,0,0,0,0,0,0,0,0,1,1,1
440000,0,0,1,0,0,0,0,0,0,0,10000,10000,10000,0,1,1,1,0,10,10,0,0,1,1,0,0,0,0,11111111,0,0,0,0,0,x,10000,1,0,1,0,0,0,0,x,1,0,0,0,0,0,0,0,0,1,1,0,0,0,0,0,0,0,0,0,0,1,0,11,0,0,0,0,0,0,0,1101,1101,1111,1111,0,0,0,0,10001000100010010001000101111,10001000100010010001000101111,1,1,0,0,0,0,0,0,1111111111,0,1,0,0,0,0,0,0,0,11111111,11111111,0,0,0,0,0,1,0,0,0,0,0,0,0,0,0,0,1,1,1
445000,0,1,1,0,0,0,0,0,0,0,10000,10000,10000,0,1,1,1,0,10,10,0,0,1,1,0,0,0,0,11111111,0,0,0,0,0,x,10000,1,0,1,0,0,0,0,x,1,0,0,0,0,0,0,0,0,1,1,0,0,0,0,0,0,0,0,0,0,1,0,11,0,0,0,0,0,0,0,1101,1101,1111,1111,0,0,0,0,10001000100010010001000101111,10001000100010010001000101111,1,1,0,0,0,0,0,0,1111111111,0,1,0,0,0,0,0,0,0,11111111,11111111,0,1,0,0,0,1,0,0,0,0,0,0,0,0,0,0,1,1,1
446000,0,1,1,0,0,0,0,0,0,0,10000,10000,10000,0,1,1,1,0,10,10,0,0,1,1,0,0,0,0,11111111,0,0,0,0,0,x,10000,1,0,1,0,0,0,0,x,1,0,0,0,0,0,0,0,0,1,1,0,0,0,0,0,0,0,0,0,0,1,0,11,0,0,0,0,0,0,0,1110,1110,1111,1111,0,0,0,0,10001000100010010001000101100,10001000100010010001000101100,1,1,0,0,0,0,0,0,1111111111,0,1,0,0,0,0,0,0,0,11111111,11111111,0,1,0,0,0,1,0,0,0,0,0,0,0,0,0,0,1,1,1
450000,0,0,1,0,0,0,0,0,0,0,10000,10000,10000,0,1,1,1,0,10,10,0,0,1,1,0,0,0,0,11111111,0,0,0,0,0,x,10000,1,0,1,0,0,0,0,x,1,0,0,0,0,0,0,0,0,1,1,0,0,0,0,0,0,0,0,0,0,1,0,11,0,0,0,0,0,0,0,1110,1110,1111,1111,0,0,0,0,10001000100010010001000101100,10001000100010010001000101100,1,1,0,0,0,0,0,0,1111111111,0,1,0,0,0,0,0,0,0,11111111,11111111,0,0,0,0,0,1,0,0,0,0,0,0,0,0,0,0,1,1,1
455000,0,1,1,0,0,0,0,0,0,0,10000,10000,10000,0,1,1,1,0,10,10,0,0,1,1,0,0,0,0,11111111,0,0,0,0,0,x,10000,1,0,1,0,0,0,0,x,1,0,0,0,0,0,0,0,0,1,1,0,0,0,0,0,0,0,0,0,0,1,0,11,0,0,0,0,0,0,0,1110,1110,1111,1111,0,0,0,0,10001000100010010001000101100,10001000100010010001000101100,1,1,0,0,0,0,0,0,1111111111,0,1,0,0,0,0,0,0,0,11111111,11111111,0,1,0,0,0,1,0,0,0,0,0,0,0,0,0,0,1,1,1
456000,0,1,1,0,0,0,0,0,0,0,10000,10000,10000,0,1,1,1,0,10,10,0,0,1,1,0,0,0,0,11111111,0,0,0,0,0,x,10000,1,0,1,0,0,0,0,x,1,0,0,0,0,0,0,0,0,1,1,0,0,0,0,0,0,0,0,0,0,1,0,11,0,0,0,0,0,0,0,1111,1111,1111,1111,0,0,0,0,10001000100010010001000101101,10001000100010010001000101101,1,1,0,0,0,0,0,0,1111111111,0,1,0,0,0,0,0,0,0,11111111,11111111,0,1,0,0,0,1,0,0,0,0,0,0,0,0,0,0,1,1,1
460000,0,0,1,0,0,0,0,0,0,0,10000,10000,10000,0,1,1,1,0,10,10,0,0,1,1,0,0,0,0,11111111,0,0,0,0,0,x,10000,1,0,1,0,0,0,0,x,1,0,0,0,0,0,0,0,0,1,1,0,0,0,0,0,0,0,0,0,0,1,0,11,0,0,0,0,0,0,0,1111,1111,1111,1111,0,0,0,0,10001000100010010001000101101,10001000100010010001000101101,1,1,0,0,0,0,0,0,1111111111,0,1,0,0,0,0,0,0,0,11111111,11111111,0,0,0,0,0,1,0,0,0,0,0,0,0,0,0,0,1,1,1
465000,0,1,1,0,0,0,0,0,0,0,10000,10000,10000,0,1,1,1,0,10,10,0,0,1,1,0,0,0,0,11111111,0,0,0,0,0,x,10000,1,0,1,0,0,0,0,x,1,0,0,0,0,0,0,0,0,1,1,0,0,0,0,0,0,0,0,0,0,1,0,11,0,0,0,0,0,0,0,1111,1111,1111,1111,0,0,0,0,10001000100010010001000101101,10001000100010010001000101101,1,1,0,0,0,0,0,0,1111111111,0,1,0,0,0,0,0,0,0,11111111,11111111,0,1,0,0,0,1,0,0,0,0,0,0,0,0,0,0,1,1,1
466000,0,1,1,0,0,0,0,0,0,0,10000,10000,10000,0,1,1,1,0,10,10,0,0,1,1,0,0,0,0,11111111,0,0,0,0,0,x,10000,1,0,1,0,0,0,0,x,1,0,0,0,0,0,0,0,0,1,1,0,0,0,0,0,0,0,0,0,0,1,0,11,0,0,0,0,0,0,0,1111,1111,1111,1111,0,0,0,0,10001000100010010001000101101,10001000100010010001000101101,0,0,0,0,0,0,0,0,1111111111,0,1,0,0,0,0,0,0,0,11111111,11111111,0,1,0,0,0,1,0,0,0,0,0,0,0,0,0,0,1,1,1
470000,0,0,1,0,0,0,0,0,0,0,10000,10000,10000,0,1,1,1,0,10,10,0,0,1,1,0,0,0,0,11111111,0,0,0,0,0,x,10000,1,0,1,0,0,0,0,x,1,0,0,0,0,0,0,0,0,1,1,0,0,0,0,0,0,0,0,0,0,1,0,11,0,0,0,0,0,0,0,1111,1111,1111,1111,0,0,0,0,10001000100010010001000101101,10001000100010010001000101101,0,0,0,0,0,0,0,0,1111111111,0,1,0,0,0,0,0,0,0,11111111,11111111,0,0,0,0,0,1,0,0,0,0,0,0,0,0,0,0,1,1,1
475000,0,1,1,0,0,0,0,0,0,0,10000,10000,10000,0,1,1,1,0,10,10,0,0,1,1,0,0,0,0,11111111,0,0,0,0,0,x,10000,1,0,1,0,0,0,0,x,1,0,0,0,0,0,0,0,0,1,1,0,0,0,0,0,0,0,0,0,0,1,0,11,0,0,0,0,0,0,0,1111,1111,1111,1111,0,0,0,0,10001000100010010001000101101,10001000100010010001000101101,0,0,0,0,0,0,0,0,1111111111,0,1,0,0,0,0,0,0,0,11111111,11111111,0,1,0,0,0,1,0,0,0,0,0,0,0,0,0,0,1,1,1
476000,0,1,1,0,100000001,100000001,0,0,0,0,10000,10000,10000,0,1,1,1,0,10,10,0,0,1,1,0,0,0,0,11111111,0,0,0,0,0,x,10000,1,0,1,0,0,0,0,x,1,0,0,0,0,0,0,0,0,1,1,0,0,0,0,0,0,0,0,0,0,1,0,11,0,0,0,0,0,0,0,1111,1111,1111,1111,0,0,0,0,10001000100010010001000101101,10001000100010010001000101101,0,0,0,0,0,0,0,0,1111111111,0,1,0,0,0,0,0,0,0,11111111,11111111,0,1,0,0,0,1,0,0,0,0,0,0,0,0,0,0,1,1,1
480000,0,0,1,0,100000001,100000001,0,0,0,0,10000,10000,10000,0,1,1,1,0,10,10,0,0,1,1,0,0,0,0,11111111,0,0,0,0,0,x,10000,1,0,1,0,0,0,0,x,1,0,0,0,0,0,0,0,0,1,1,0,0,0,0,0,0,0,0,0,0,1,0,11,0,0,0,0,0,0,0,1111,1111,1111,1111,0,0,0,0,10001000100010010001000101101,10001000100010010001000101101,0,0,0,0,0,0,0,0,1111111111,0,1,0,0,0,0,0,0,0,11111111,11111111,0,0,0,0,0,1,0,0,0,0,0,0,0,0,0,0,1,1,1
485000,0,1,1,0,100000001,100000001,0,0,100000001,0,10000,10000,10000,0,1,1,1,0,10,10,0,0,1,1,0,0,0,0,11111111,0,0,0,0,0,x,10000,1,0,1,0,0,0,0,x,1,0,0,0,0,0,0,0,0,1,1,0,0,0,0,0,0,0,0,0,0,1,0,11,0,0,0,0,0,0,0,1111,1111,1111,1111,0,0,0,0,10001000100010010001000101101,10001000100010010001000101101,0,0,0,0,0,0,0,0,1111111111,0,1,0,0,0,0,0,0,0,11111111,11111111,0,1,0,0,0,1,0,0,0,0,0,0,0,0,0,0,1,1,1
486000,0,1,1,0,1000000010,1000000010,0,0,100000001,0,10000,10000,10000,0,1,1,1,0,10,10,0,0,1,1,0,0,0,0,11111111,0,0,0,0,0,x,10000,1,0,1,0,0,0,0,x,1,0,0,0,0,0,0,0,0,1,1,0,0,0,0,0,0,0,0,0,0,1,0,11,0,0,0,0,0,0,0,1111,1111,1111,1111,0,0,0,0,10001000100010010001000101101,10001000100010010001000101101,0,0,0,0,0,0,0,0,1111111111,0,1,0,0,0,0,0,0,0,11111111,11111111,0,1,0,0,0,1,0,0,0,0,0,0,0,0,0,0,1,1,1
490000,0,0,1,0,1000000010,1000000010,0,0,100000001,0,10000,10000,10000,0,1,1,1,0,10,10,0,0,1,1,0,0,0,0,11111111,0,0,0,0,0,x,10000,1,0,1,0,0,0,0,x,1,0,0,0,0,0,0,0,0,1,1,0,0,0,0,0,0,0,0,0,0,1,0,11,0,0,0,0,0,0,0,1111,1111,1111,1111,0,0,0,0,10001000100010010001000101101,10001000100010010001000101101,0,0,0,0,0,0,0,0,1111111111,0,1,0,0,0,0,0,0,0,11111111,11111111,0,0,0,0,0,1,0,0,0,0,0,0,0,0,0,0,1,1,1
495000,0,1,1,0,1000000010,1000000010,0,0,1000000010,100000001,10000,10000,10000,0,1,1,1,0,10,10,0,0,1,1,0,0,0,0,11111111,0,0,0,0,0,x,10000,1,0,1,0,0,0,0,x,1,0,0,0,0,0,0,0,0,1,1,0,0,0,0,0,0,0,0,0,0,1,0,11,0,0,0,0,0,0,0,1111,1111,1111,1111,0,0,0,0,10001000100010010001000101101,10001000100010010001000101101,0,0,0,0,0,0,0,0,1111111111,0,1,0,0,0,0,0,0,0,11111111,11111111,0,1,0,0,0,1,0,0,0,0,0,0,0,0,0,0,1,1,1
496000,0,1,1,0,1100000011,1100000011,0,0,1000000010,100000001,10000,10000,10000,0,1,1,1,0,10,10,0,0,1,1,0,0,0,0,11111111,0,0,0,0,0,x,10000,1,0,1,0,0,0,0,x,1,0,0,0,0,0,0,0,0,1,1,0,0,0,0,0,0,0,0,0,0,1,0,11,0,0,0,0,0,0,0,1111,1111,1111,1111,0,0,0,0,10001000100010010001000101101,10001000100010010001000101101,0,0,0,0,0,0,0,0,1111111111,0,1,0,0,0,0,0,0,0,11111111,11111111,0,1,0,0,0,1,0,0,0,0,0,0,0,0,0,0,1,1,1
500000,0,0,1,0,1100000011,1100000011,0,0,1000000010,100000001,10000,10000,10000,0,1,1,1,0,10,10,0,0,1,1,0,0,0,0,11111111,0,0,0,0,0,x,10000,1,0,1,0,0,0,0,x,1,0,0,0,0,0,0,0,0,1,1,0,0,0,0,0,0,0,0,0,0,1,0,11,0,0,0,0,0,0,0,1111,1111,1111,1111,0,0,0,0,10001000100010010001000101101,10001000100010010001000101101,0,0,0,0,0,0,0,0,1111111111,0,1,0,0,0,0,0,0,0,11111111,11111111,0,0,0,0,0,1,0,0,0,0,0,0,0,0,0,0,1,1,1
505000,0,1,1,0,1100000011,1100000011,0,0,1100000011,1000000010,10000,10000,10000,0,1,1,1,0,10,10,0,0,1,1,0,0,0,0,11111111,0,0,0,0,0,x,10000,1,0,1,0,0,0,0,x,1,0,0,0,0,0,0,0,0,1,1,0,0,0,0,0,0,0,0,0,0,1,0,11,0,0,0,0,0,0,0,1111,1111,1111,1111,0,0,0,0,10001000100010010001000101101,10001000100010010001000101101,0,0,0,0,0,0,0,0,1111111111,0,1,0,0,0,0,0,0,0,11111111,11111111,0,1,0,0,0,1,0,0,0,0,0,0,0,0,0,0,1,1,1
506000,0,1,1,0,10000000100,10000000100,0,0,1100000011,1000000010,10000,10000,10000,0,1,1,1,0,10,10,0,0,1,1,0,0,0,0,11111111,0,0,0,0,0,x,10000,1,0,1,0,0,0,0,x,1,0,0,0,0,0,0,0,0,1,1,0,0,0,0,0,0,0,0,0,0,1,0,11,0,0,0,0,0,0,0,1111,1111,1111,1111,0,0,0,0,10001000100010010001000101101,10001000100010010001000101101,0,0,0,0,0,0,0,0,1111111111,0,1,0,0,0,0,0,0,0,11111111,11111111,0,1,0,0,0,1,0,0,0,0,0,0,0,0,0,0,1,1,1
510000,0,0,1,0,10000000100,10000000100,0,0,1100000011,1000000010,10000,10000,10000,0,1,1,1,0,10,10,0,0,1,1,0,0,0,0,11111111,0,0,0,0,0,x,10000,1,0,1,0,0,0,0,x,1,0,0,0,0,0,0,0,0,1,1,0,0,0,0,0,0,0,0,0,0,1,0,11,0,0,0,0,0,0,0,1111,1111,1111,1111,0,0,0,0,10001000100010010001000101101,10001000100010010001000101101,0,0,0,0,0,0,0,0,1111111111,0,1,0,0,0,0,0,0,0,11111111,11111111,0,0,0,0,0,1,0,0,0,0,0,0,0,0,0,0,1,1,1
515000,0,1,1,0,10000000100,10000000100,0,0,10000000100,1100000011,10000,10000,10000,0,1,1,1,0,10,10,0,0,1,1,0,0,0,0,11111111,0,0,0,0,0,x,10000,1,0,1,0,0,0,0,x,1,0,0,0,0,0,0,0,0,1,1,0,0,0,0,0,0,0,0,0,0,1,0,11,0,0,0,0,0,0,0,1111,1111,1111,1111,0,0,0,0,10001000100010010001000101101,10001000100010010001000101101,0,0,0,0,0,0,0,0,1111111111,0,1,0,0,0,0,0,0,0,11111111,11111111,0,1,0,0,0,1,0,0,0,0,0,0,0,0,0,0,1,1,1
516000,0,1,1,0,10100000101,10100000101,0,0,10000000100,1100000011,10000,10000,10000,0,1,1,1,0,10,10,0,0,1,1,0,0,0,0,11111111,0,0,0,0,0,x,10000,1,0,1,0,0,0,0,x,1,0,0,0,0,0,0,0,0,1,1,0,0,0,0,0,0,0,0,0,0,1,0,11,0,0,0,0,0,0,0,1111,1111,1111,1111,0,0,0,0,10001000100010010001000101101,10001000100010010001000101101,0,0,0,0,0,0,0,0,1111111111,0,1,0,0,0,0,0,0,0,11111111,11111111,0,1,0,0,0,1,0,0,0,0,0,0,0,0,0,0,1,1,1
520000,0,0,1,0,10100000101,10100000101,0,0,10000000100,1100000011,10000,10000,10000,0,1,1,1,0,10,10,0,0,1,1,0,0,0,0,11111111,0,0,0,0,0,x,10000,1,0,1,0,0,0,0,x,1,0,0,0,0,0,0,0,0,1,1,0,0,0,0,0,0,0,0,0,0,1,0,11,0,0,0,0,0,0,0,1111,1111,1111,1111,0,0,0,0,10001000100010010001000101101,10001000100010010001000101101,0,0,0,0,0,0,0,0,1111111111,0,1,0,0,0,0,0,0,0,11111111,11111111,0,0,0,0,0,1,0,0,0,0,0,0,0,0,0,0,1,1,1
525000,0,1,1,0,10100000101,10100000101,0,0,10100000101,10000000100,10000,10000,10000,0,1,1,1,0,10,10,0,0,1,1,0,0,0,0,11111111,0,0,0,0,0,x,10000,1,0,1,0,0,0,0,x,1,0,0,0,0,0,0,0,0,1,1,0,0,0,0,0,0,0,0,0,0,1,0,11,0,0,0,0,0,0,0,1111,1111,1111,1111,0,0,0,0,10001000100010010001000101101,10001000100010010001000101101,0,0,0,0,0,0,0,0,1111111111,0,1,0,0,0,0,0,0,0,11111111,11111111,0,1,0,0,0,1,0,0,0,0,0,0,0,0,0,0,1,1,1
526000,0,1,1,0,10100000101,10100000101,0,0,10100000101,10000000100,10000,10000,10000,0,1,1,1,0,10,10,0,0,1,1,0,0,0,1,11111111,1,0,0,0,0,x,10000,1,0,1,0,0,0,0,x,1,0,0,0,0,0,0,0,0,1,1,0,0,0,0,0,0,0,0,0,0,1,0,11,0,0,0,0,0,0,0,1111,1111,1111,1111,0,0,0,0,10001000100010010001000101101,10001000100010010001000101101,0,0,0,0,0,0,0,0,1111111111,0,1,0,0,0,0,0,0,0,11111111,11111111,0,1,0,0,0,1,0,0,0,0,0,0,0,0,0,0,1,1,1
530000,0,0,1,0,10100000101,10100000101,0,0,10100000101,10000000100,10000,10000,10000,0,1,1,1,0,10,10,0,0,1,1,0,0,0,1,11111111,1,0,0,0,0,x,10000,1,0,1,0,0,0,0,x,1,0,0,0,0,0,0,0,0,1,1,0,0,0,0,0,0,0,0,0,0,1,0,11,0,0,0,0,0,0,0,1111,1111,1111,1111,0,0,0,0,10001000100010010001000101101,10001000100010010001000101101,0,0,0,0,0,0,0,0,1111111111,0,1,0,0,0,0,0,0,0,11111111,11111111,0,0,0,0,0,1,0,0,0,0,0,0,0,0,0,0,1,1,1
535000,0,1,1,0,10100000101,10100000101,0,0,10100000101,10100000101,10000,10000,10000,0,1,1,1,0,10,10,0,0,1,1,0,0,0,1,11111111,1,0,0,1,0,x,10000,1,0,1,0,0,0,0,x,1,0,0,0,0,0,0,0,0,1,1,0,0,0,0,0,0,0,0,0,0,1,0,11,0,0,0,0,0,0,0,1111,1111,1111,1111,0,0,0,0,10001000100010010001000101101,10001000100010010001000101101,0,0,0,0,0,0,0,0,1111111111,0,1,0,0,0,0,0,0,0,11111111,11111111,0,1,0,0,0,1,0,0,0,0,0,0,0,0,0,0,1,1,1
536000,0,1,1,0,10100000101,10100000101,0,0,10100000101,10100000101,10000,10000,10000,0,1,1,1,0,10,10,0,0,1,1,0,0,0,0,11111111,0,0,0,1,0,x,10000,1,0,1,0,0,0,0,x,1,0,0,0,0,0,0,0,0,1,1,0,0,0,0,0,0,0,0,0,0,1,0,11,0,0,0,0,0,0,0,1111,1111,1111,1111,0,0,0,0,10001000100010010001000101101,10001000100010010001000101101,0,0,0,0,0,0,0,0,1111111111,0,1,0,0,0,0,0,0,0,11111111,11111111,0,1,0,0,0,1,0,0,0,0,0,0,0,0,0,0,1,1,1
540000,0,0,1,0,10100000101,10100000101,0,0,10100000101,10100000101,10000,10000,10000,0,1,1,1,0,10,10,0,0,1,1,0,0,0,0,11111111,0,0,0,1,0,x,10000,1,0,1,0,0,0,0,x,1,0,0,0,0,0,0,0,0,1,1,0,0,0,0,0,0,0,0,0,0,1,0,11,0,0,0,0,0,0,0,1111,1111,1111,1111,0,0,0,0,10001000100010010001000101101,10001000100010010001000101101,0,0,0,0,0,0,0,0,1111111111,0,1,0,0,0,0,0,0,0,11111111,11111111,0,0,0,0,0,1,0,0,0,0,0,0,0,0,0,0,1,1,1
545000,0,1,1,0,10100000101,10100000101,0,0,10100000101,10100000101,10000,10000,10000,0,1,1,1,0,10,10,0,0,1,1,0,0,0,0,11111111,0,0,0,0,1,x,10000,1,0,1,0,0,0,0,x,1,0,0,0,0,0,0,0,0,1,1,0,0,0,0,0,0,0,0,0,0,1,0,11,0,0,0,0,0,0,0,1111,1111,1111,1111,0,0,0,0,10001000100010010001000101101,10001000100010010001000101101,0,0,0,0,0,0,0,0,1111111111,0,1,0,0,0,0,0,0,0,11111111,11111111,0,1,0,0,0,1,0,0,0,0,0,0,0,0,0,0,1,1,1
546000,0,1,1,0,10100000101,10100000101,0,0,10100000101,10100000101,10000,10000,10000,0,1,1,1,0,10,10,0,0,1,1,0,0,0,1000010,11111111,1000010,0,0,0,1,x,10000,1,0,1,0,0,0,0,x,1,0,0,0,0,0,0,0,0,1,1,0,0,0,0,0,0,0,0,0,0,1,0,11,0,0,0,0,0,0,0,1111,1111,1111,1111,0,0,0,0,10001000100010010001000101101,10001000100010010001000101101,0,0,0,0,0,0,0,0,1111111111,0,1,0,0,0,0,0,0,0,11111111,11111111,0,1,0,0,0,1,0,0,0,0,0,0,0,0,0,0,1,1,1
550000,0,0,1,0,10100000101,10100000101,0,0,10100000101,10100000101,10000,10000,10000,0,1,1,1,0,10,10,0,0,1,1,0,0,0,1000010,11111111,1000010,0,0,0,1,x,10000,1,0,1,0,0,0,0,x,1,0,0,0,0,0,0,0,0,1,1,0,0,0,0,0,0,0,0,0,0,1,0,11,0,0,0,0,0,0,0,1111,1111,1111,1111,0,0,0,0,10001000100010010001000101101,10001000100010010001000101101,0,0,0,0,0,0,0,0,1111111111,0,1,0,0,0,0,0,0,0,11111111,11111111,0,0,0,0,0,1,0,0,0,0,0,0,0,0,0,0,1,1,1
555000,0,1,1,0,10100000101,10100000101,0,0,10100000101,10100000101,10000,10000,10000,0,1,1,1,0,10,10,0,0,1,1,0,0,0,1000010,11111111,1000010,1,1,1000010,0,x,10000,1,0,1,0,0,0,0,x,1,0,0,0,0,0,0,0,0,1,1,0,0,0,0,0,0,0,0,0,0,1,0,11,0,0,0,0,0,0,0,1111,1111,1111,1111,0,0,0,0,10001000100010010001000101101,10001000100010010001000101101,0,0,0,0,0,0,0,0,1111111111,0,1,0,0,0,0,0,0,0,11111111,11111111,0,1,0,0,0,1,0,0,0,0,0,0,0,0,0,0,1,1,1
556000,0,1,1,0,10100000101,10100000101,0,0,10100000101,10100000101,10000,10000,10000,0,1,1,1,0,10,10,0,0,1,1,0,0,0,0,11111111,0,1,1,1000010,0,x,10000,1,0,1,0,0,0,0,x,1,0,0,0,0,0,0,0,0,1,1,0,0,0,0,0,0,0,0,0,0,1,0,11,0,0,0,0,0,0,0,1111,1111,1111,1111,0,0,0,0,10001000100010010001000101101,10001000100010010001000101101,0,0,0,0,0,0,0,0,1111111111,0,1,0,0,0,0,0,0,0,11111111,11111111,0,1,0,0,0,1,0,0,0,0,0,0,0,0,0,0,1,1,1
560000,0,0,1,0,10100000101,10100000101,0,0,10100000101,10100000101,10000,10000,10000,0,1,1,1,0,10,10,0,0,1,1,0,0,0,0,11111111,0,1,1,1000010,0,x,10000,1,0,1,0,0,0,0,x,1,0,0,0,0,0,0,0,0,1,1,0,0,0,0,0,0,0,0,0,0,1,0,11,0,0,0,0,0,0,0,1111,1111,1111,1111,0,0,0,0,10001000100010010001000101101,10001000100010010001000101101,0,0,0,0,0,0,0,0,1111111111,0,1,0,0,0,0,0,0,0,11111111,11111111,0,0,0,0,0,1,0,0,0,0,0,0,0,0,0,0,1,1,1
565000,0,1,1,0,10100000101,10100000101,0,0,10100000101,10100000101,10000,10000,10000,0,1,1,1,0,10,10,0,0,1,1,0,0,0,0,11111111,0,1,1,0,1000010,x,10000,1,0,1,0,0,0,0,x,1,0,0,0,0,0,0,0,0,1,1,0,0,0,0,0,0,0,0,0,0,1,0,11,0,0,0,0,0,0,0,1111,1111,1111,1111,0,0,0,0,10001000100010010001000101101,10001000100010010001000101101,0,0,0,0,0,0,0,0,1111111111,0,1,0,0,0,0,0,0,0,11111111,11111111,0,1,0,0,0,1,0,0,0,0,0,0,0,0,0,0,1,1,1
566000,0,1,1,0,10100000101,10100000101,0,0,10100000101,10100000101,111100000000,111100000000,10000,0,1,1,1,0,0,0,10,10,1,1,1,1,0,0,11111111,0,1,1,0,1000010,x,10000,1,0,1,0,0,0,0,x,1,0,0,0,0,0,0,0,0,1,1,0,0,0,0,0,0,0,0,0,0,1,0,11,0,0,0,0,0,0,0,1111,1111,1111,1111,0,0,0,0,10001000100010010001000101101,10001000100010010001000101101,0,0,0,0,0,0,0,0,1111111111,0,1,0,0,0,0,0,0,0,11111111,11111111,0,1,0,0,0,1,0,0,0,0,0,0,0,0,0,0,1,1,1
570000,0,0,1,0,10100000101,10100000101,0,0,10100000101,10100000101,111100000000,111100000000,10000,0,1,1,1,0,0,0,10,10,1,1,1,1,0,0,11111111,0,1,1,0,1000010,x,10000,1,0,1,0,0,0,0,x,1,0,0,0,0,0,0,0,0,1,1,0,0,0,0,0,0,0,0,0,0,1,0,11,0,0,0,0,0,0,0,1111,1111,1111,1111,0,0,0,0,10001000100010010001000101101,10001000100010010001000101101,0,0,0,0,0,0,0,0,1111111111,0,1,0,0,0,0,0,0,0,11111111,11111111,0,0,0,0,0,1,0,0,0,0,0,0,0,0,0,0,1,1,1
575000,0,1,1,0,10100000101,10100000101,0,0,10100000101,10100000101,111100000000,111100000000,111100000000,0,0,0,1,0,0,0,10,10,1,1,1,1,1,0,11111111,0,1000011,1000011,0,0,x,0,11011110101011011011111011101111,1,1,0,0,0,1,x,1,0,0,0,0,0,0,0,0,1,1,0,0,0,0,0,0,1,0,0,0,1,0,11,0,0,0,0,1,1,0,1111,1111,1111,1111,0,0,0,0,10001000100010010001000101101,10001000100010010001000101101,0,0,0,1,0,0,0,0,1111111111,0,1,0,0,0,0,0,0,0,11111111,11111111,0,1,0,0,0,1,0,0,1,0,0,0,0,0,0,0,1,1,1
576000,0,1,1,0,10100000101,10100000101,0,0,10100000101,10100000101,111100000000,111100000000,111100000000,0,0,0,1,0,0,0,0,0,10100101,10100101,0,0,1,0,11111111,0,1000011,1000011,0,0,x,0,11011110101011011011111011101111,1,10100101,0,0,0,1,x,1,0,0,0,0,0,0,0,0,1,1,0,0,0,0,0,0,1,0,0,0,1,0,11,0,0,0,0,1,1,0,1111,1111,1111,1111,0,0,0,0,10001000100010010001000101101,10001000100010010001000101101,0,0,0,1,0,0,0,0,1111111111,0,1,0,0,0,0,0,0,0,11111111,11111111,0,1,0,0,0,1,0,0,1,0,0,0,0,0,0,0,1,1,1
580000,0,0,1,0,10100000101,10100000101,0,0,10100000101,10100000101,111100000000,111100000000,111100000000,0,0,0,1,0,0,0,0,0,10100101,10100101,0,0,1,0,11111111,0,1000011,1000011,0,0,x,0,11011110101011011011111011101111,1,10100101,0,0,0,1,x,1,0,0,0,0,0,0,0,0,1,1,0,0,0,0,0,0,1,0,0,0,1,0,11,0,0,0,0,1,1,0,1111,1111,1111,1111,0,0,0,0,10001000100010010001000101101,10001000100010010001000101101,0,0,0,1,0,0,0,0,1111111111,0,1,0,0,0,0,0,0,0,11111111,11111111,0,0,0,0,0,1,0,0,1,0,0,0,0,0,0,0,1,1,1
585000,0,1,1,0,10100000101,10100000101,0,0,10100000101,10100000101,111100000000,111100000000,111100000000,0,0,0,1,0,0,0,0,0,10100101,10100101,0,0,0,0,11111111,0,1000011,1000011,0,0,x,0,11011110101011011011111011101111,0,10100101,0,0,0,0,x,1,0,0,0,0,0,0,0,0,1,1,0,0,0,0,0,0,0,0,0,0,1,0,11,0,0,1,0,0,1,1,1111,1111,1111,1111,0,0,0,0,10001000100010010001000101101,10001000100010010001000101101,0,0,0,0,0,0,0,0,1111111111,0,1,10100101,0,0,0,0,0,0,11111111,11111111,0,1,0,0,0,1,0,0,0,0,0,0,0,0,0,0,1,1,1
590000,0,0,1,0,10100000101,10100000101,0,0,10100000101,10100000101,111100000000,111100000000,111100000000,0,0,0,1,0,0,0,0,0,10100101,10100101,0,0,0,0,11111111,0,1000011,1000011,0,0,x,0,11011110101011011011111011101111,0,10100101,0,0,0,0,x,1,0,0,0,0,0,0,0,0,1,1,0,0,0,0,0,0,0,0,0,0,1,0,11,0,0,1,0,0,1,1,1111,1111,1111,1111,0,0,0,0,10001000100010010001000101101,10001000100010010001000101101,0,0,0,0,0,0,0,0,1111111111,0,1,10100101,0,0,0,0,0,0,11111111,11111111,0,0,0,0,0,1,0,0,0,0,0,0,0,0,0,0,1,1,1
595000,0,1,0,0,10100000101,10100000101,0,0,10100000101,10100000101,111100000000,111100000000,111100000000,0,0,0,1,0,0,0,0,0,10100101,10100101,0,0,0,0,11111111,0,1000011,1000011,0,0,x,0,11011110101011011011111011101111,0,10100101,0,0,0,0,x,1,0,0,0,0,0,0,0,0,1,1,0,0,0,0,0,0,0,0,0,0,0,1,11,0,0,1,0,0,1,1,1111,1111,1111,1111,0,0,0,0,10001000100010010001000101101,10001000100010010001000101101,0,0,0,0,0,0,0,0,1111111111,0,1,10100101,0,0,0,0,0,0,11111111,11111111,0,1,0,0,0,1,0,0,0,0,0,0,0,0,0,0,1,1,1
600000,0,0,0,0,10100000101,10100000101,0,0,10100000101,10100000101,111100000000,111100000000,111100000000,0,0,0,1,0,0,0,0,0,10100101,10100101,0,0,0,0,11111111,0,1000011,1000011,0,0,x,0,11011110101011011011111011101111,0,10100101,0,0,0,0,x,1,0,0,0,0,0,0,0,0,1,1,0,0,0,0,0,0,0,0,0,0,0,1,11,0,0,1,0,0,1,1,1111,1111,1111,1111,0,0,0,0,10001000100010010001000101101,10001000100010010001000101101,0,0,0,0,0,0,0,0,1111111111,0,1,10100101,0,0,0,0,0,0,11111111,11111111,0,0,0,0,0,1,0,0,0,0,0,0,0,0,0,0,1,1,1
605000,0,1,0,0,10100000101,10100000101,0,0,10100000101,10100000101,111100000000,111100000000,111100000000,0,0,0,1,0,0,0,0,0,10100101,10100101,0,0,0,0,11111111,0,1000011,1000011,0,0,x,0,11011110101011011011111011101111,0,10100101,0,0,0,0,x,1,0,0,0,0,0,0,0,0,1,1,0,0,0,0,0,0,0,0,0,0,0,10,11,0,0,1,0,0,1,1,1111,1111,1111,1111,0,0,0,0,10001000100010010001000101101,10001000100010010001000101101,0,0,0,0,0,0,0,0,1111111111,0,1,10100101,0,0,0,0,0,0,11111111,11111111,0,1,0,0,0,1,0,0,0,0,0,0,0,0,0,0,1,1,1
606000,0,1,0,0,1111111111111111,1111111111111111,0,0,10100000101,10100000101,10101010101010101010101010101010,10101010101010101010101010101010,111100000000,0,0,0,1,0,10,10,10,10,11111111111111111111111111111111,11111111111111111111111111111111,1,1,0,11111111,11111111,11111111,1000011,1000011,0,0,x,0,11011110101011011011111011101111,0,11111111111111111111111111111111,0,0,0,0,x,1,0,0,0,0,0,0,0,0,1,1,0,0,0,0,0,0,0,0,0,0,0,10,11,0,0,1,0,0,1,1,0,0,1111,1111,0,0,0,0,11111111000000001111111100000000,11111111000000001111111100000000,1,1,0,0,0,0,0,0,1111111111,0,1,10100101,0,0,0,0,0,0,11111111,11111111,0,1,0,0,0,1,0,0,0,0,0,0,0,0,0,0,0,0,1
610000,0,0,0,0,1111111111111111,1111111111111111,0,0,10100000101,10100000101,10101010101010101010101010101010,10101010101010101010101010101010,111100000000,0,0,0,1,0,10,10,10,10,11111111111111111111111111111111,11111111111111111111111111111111,1,1,0,11111111,11111111,11111111,1000011,1000011,0,0,x,0,11011110101011011011111011101111,0,11111111111111111111111111111111,0,0,0,0,x,1,0,0,0,0,0,0,0,0,1,1,0,0,0,0,0,0,0,0,0,0,0,10,11,0,0,1,0,0,1,1,0,0,1111,1111,0,0,0,0,11111111000000001111111100000000,11111111000000001111111100000000,1,1,0,0,0,0,0,0,1111111111,0,1,10100101,0,0,0,0,0,0,11111111,11111111,0,0,0,0,0,1,0,0,0,0,0,0,0,0,0,0,0,0,1
615000,0,1,0,0,1111111111111111,1111111111111111,0,0,1111111111111111,10100000101,10101010101010101010101010101010,10101010101010101010101010101010,10101010101010101010101010101010,1,0,0,1,0,10,10,10,10,11111111111111111111111111111111,11111111111111111111111111111111,1,1,1,11111111,11111111,11111111,1000011,1000011,11111111,0,x,10101010,0,1,11111111111111111111111111111111,0,0,0,1,x,1,0,0,0,0,0,0,0,0,0,1,0,0,0,0,0,0,0,0,0,0,0,11,11,0,0,1,0,0,10,1,0,0,1111,1111,0,0,0,0,11111111000000001111111100000000,11111111000000001111111100000000,1,1,0,1,0,0,0,0,1111111111,0,1,10100101,0,0,0,0,0,0,0,0,0,1,0,0,0,1,1,1,0,0,0,0,0,0,0,0,0,0,1
616000,0,1,0,0,0,0,0,0,1111111111111111,10100000101,1010101010101010101010101010101,1010101010101010101010101010101,10101010101010101010101010101010,1,0,0,1,0,10,10,10,10,0,0,1,1,1,0,11111111,0,1000011,1000011,11111111,0,x,10101010,0,1,0,0,0,0,1,x,1,0,0,0,0,0,0,0,0,0,1,0,0,0,0,0,0,0,0,0,0,0,11,11,1,1,1,0,0,10,1,1,1,1111,1111,0,0,0,0,111111110000000011111111,111111110000000011111111,1,1,0,1,0,0,0,0,1111111111,0,1,10100101,0,0,0,0,0,0,0,0,0,1,0,0,0,1,1,1,0,0,0,0,0,0,0,0,1,1,1
620000,0,0,0,0,0,0,0,0,1111111111111111,10100000101,1010101010101010101010101010101,1010101010101010101010101010101,10101010101010101010101010101010,1,0,0,1,0,10,10,10,10,0,0,1,1,1,0,11111111,0,1000011,1000011,11111111,0,x,10101010,0,1,0,0,0,0,1,x,1,0,0,0,0,0,0,0,0,0,1,0,0,0,0,0,0,0,0,0,0,0,11,11,1,1,1,0,0,10,1,1,1,1111,1111,0,0,0,0,111111110000000011111111,111111110000000011111111,1,1,0,1,0,0,0,0,1111111111,0,1,10100101,0,0,0,0,0,0,0,0,0,0,0,0,0,1,1,1,0,0,0,0,0,0,0,0,1,1,1
625000,0,1,0,0,0,0,0,0,0,1111111111111111,1010101010101010101010101010101,1010101010101010101010101010101,1010101010101010101010101010101,0,0,0,1,0,10,10,10,10,0,0,1,1,1,0,11111111,0,1000011,1000011,0,11111111,x,1010101,0,1,0,0,0,0,1,x,1,0,0,0,0,0,0,1,0,1,0,0,0,0,0,1,0,0,0,0,0,0,0,11,1,1,1,0,0,10,10,1,1,1111,1111,0,0,0,0,111111110000000011111111,111111110000000011111111,1,1,0,1,0,0,0,0,1111111111,0,1,10100101,0,0,0,1111111111111111,1111111111111111,0,1000011,1000011,0,1,0,0,1,1,11,11,0,0,0,0,0,0,0,0,1,1,1
626000,0,1,0,0,1111111111111111,1111111111111111,0,0,0,1111111111111111,10101010101010101010101010101010,10101010101010101010101010101010,1010101010101010101010101010101,0,0,0,1,0,10,10,10,10,11111111111111111111111111111111,11111111111111111111111111111111,1,1,1,11111111,11111111,11111111,1000011,1000011,0,11111111,x,1010101,0,1,11111111111111111111111111111111,0,0,0,1,x,1,0,0,0,0,0,0,1,0,1,0,0,0,0,0,1,0,0,0,0,0,0,0,11,1,1,1,0,0,10,10,10,10,1111,1111,0,0,0,0,11111111000000001111111100000000,11111111000000001111111100000000,1,1,0,1,0,0,0,0,1111111111,0,1,10100101,0,0,0,1111111111111111,1111111111111111,0,1000011,1000011,0,1,0,0,1,1,11,11,0,0,0,0,0,0,0,0,0,0,1
630000,0,0,0,0,1111111111111111,1111111111111111,0,0,0,1111111111111111,10101010101010101010101010101010,10101010101010101010101010101010,1010101010101010101010101010101,0,0,0,1,0,10,10,10,10,11111111111111111111111111111111,11111111111111111111111111111111,1,1,1,11111111,11111111,11111111,1000011,1000011,0,11111111,x,1010101,0,1,11111111111111111111111111111111,0,0,0,1,x,1,0,0,0,0,0,0,1,0,1,0,0,0,0,0,1,0,0,0,0,0,0,0,11,1,1,1,0,0,10,10,10,10,1111,1111,0,0,0,0,11111111000000001111111100000000,11111111000000001111111100000000,1,1,0,1,0,0,0,0,1111111111,0,1,10100101,0,0,0,1111111111111111,1111111111111111,0,1000011,1000011,0,0,0,0,1,1,11,11,0,0,0,0,0,0,0,0,0,0,1
635000,0,1,0,0,1111111111111111,1111111111111111,0,0,1111111111111111,0,10101010101010101010101010101010,10101010101010101010101010101010,10101010101010101010101010101010,0,0,0,1,0,10,10,10,10,11111111111111111111111111111111,11111111111111111111111111111111,1,1,1,11111111,11111111,11111111,11111111,11111111,11111111,0,x,10101010,0,1,11111111111111111111111111111111,0,0,0,1,x,1,0,0,0,0,0,0,1,1,0,1,0,0,0,0,0,0,0,0,0,11111111111111111111111111111111,0,1,11,1,1,1,0,0,10,10,10,10,1111,1111,0,0,0,0,11111111000000001111111100000000,11111111000000001111111100000000,1,1,0,1,0,0,0,0,1111111111,0,1,10100101,0,0,0,0,0,0,0,0,0,1,0,0,0,1,1,1,0,0,0,0,0,0,0,0,0,0,1
636000,0,1,0,0,0,0,0,0,1111111111111111,0,1010101010101010101010101010101,1010101010101010101010101010101,10101010101010101010101010101010,0,0,0,1,0,10,10,10,10,0,0,1,1,1,0,11111111,0,11111111,11111111,11111111,0,x,10101010,0,1,0,0,0,0,1,x,1,0,0,0,0,0,0,1,1,0,1,0,0,0,0,0,0,0,0,0,11111111111111111111111111111111,0,1,11,0,0,1,0,0,10,10,11,11,1111,1111,0,0,0,0,111111110000000011111111,111111110000000011111111,1,1,0,1,0,0,0,0,1111111111,0,1,10100101,0,0,0,0,0,0,0,0,0,1,0,0,0,1,1,1,0,0,0,0,0,0,0,0,1,1,1
640000,0,0,0,0,0,0,0,0,1111111111111111,0,1010101010101010101010101010101,1010101010101010101010101010101,10101010101010101010101010101010,0,0,0,1,0,10,10,10,10,0,0,1,1,1,0,11111111,0,11111111,11111111,11111111,0,x,10101010,0,1,0,0,0,0,1,x,1,0,0,0,0,0,0,1,1,0,1,0,0,0,0,0,0,0,0,0,11111111111111111111111111111111,0,1,11,0,0,1,0,0,10,10,11,11,1111,1111,0,0,0,0,111111110000000011111111,111111110000000011111111,1,1,0,1,0,0,0,0,1111111111,0,1,10100101,0,0,0,0,0,0,0,0,0,0,0,0,0,1,1,1,0,0,0,0,0,0,0,0,1,1,1
645000,0,1,0,0,0,0,0,0,0,1111111111111111,1010101010101010101010101010101,1010101010101010101010101010101,1010101010101010101010101010101,0,11111111111111111111111111111111,11111111111111111111111111111111,1,0,10,10,10,10,0,0,1,1,1,0,11111111,0,11111111,11111111,0,11111111,x,1010101,0,1,0,0,0,0,1,x,1,0,1,0,0,0,0,1,1,1,0,0,0,0,0,1,0,0,0,0,11111111111111111111111111111111,0,10,11,0,0,1,0,0,10,10,11,11,1111,1111,0,0,0,0,111111110000000011111111,111111110000000011111111,1,1,0,1,0,0,0,0,1111111111,0,1,10100101,0,0,0,1111111111111111,1111111111111111,0,11111111,11111111,0,1,11111111111111111111111111111111,11111111111111111111111111111111,1,1,11,11,0,0,0,0,0,0,0,0,1,1,1
646000,0,1,0,0,1111111111111111,1111111111111111,0,0,0,1111111111111111,10101010101010101010101010101010,10101010101010101010101010101010,1010101010101010101010101010101,0,11111111111111111111111111111111,11111111111111111111111111111111,1,0,10,10,10,10,11111111111111111111111111111111,11111111111111111111111111111111,1,1,1,11111111,11111111,11111111,11111111,11111111,0,11111111,x,1010101,0,1,11111111111111111111111111111111,0,0,0,1,x,1,0,1,0,0,0,0,1,1,1,0,0,0,0,0,1,0,0,0,0,11111111111111111111111111111111,0,10,11,1,1,1,0,0,10,10,100,100,1111,1111,0,0,0,0,11111111000000001111111100000000,11111111000000001111111100000000,1,1,0,1,0,0,0,0,1111111111,0,1,10100101,0,0,0,1111111111111111,1111111111111111,0,11111111,11111111,0,1,11111111111111111111111111111111,11111111111111111111111111111111,1,1,11,11,0,0,0,0,0,0,0,0,0,0,1
650000,0,0,0,0,1111111111111111,1111111111111111,0,0,0,1111111111111111,10101010101010101010101010101010,10101010101010101010101010101010,1010101010101010101010101010101,0,11111111111111111111111111111111,11111111111111111111111111111111,1,0,10,10,10,10,11111111111111111111111111111111,11111111111111111111111111111111,1,1,1,11111111,11111111,11111111,11111111,11111111,0,11111111,x,1010101,0,1,11111111111111111111111111111111,0,0,0,1,x,1,0,1,0,0,0,0,1,1,1,0,0,0,0,0,1,0,0,0,0,11111111111111111111111111111111,0,10,11,1,1,1,0,0,10,10,100,100,1111,1111,0,0,0,0,11111111000000001111111100000000,11111111000000001111111100000000,1,1,0,1,0,0,0,0,1111111111,0,1,10100101,0,0,0,1111111111111111,1111111111111111,0,11111111,11111111,0,0,11111111111111111111111111111111,11111111111111111111111111111111,1,1,11,11,0,0,0,0,0,0,0,0,0,0,1
655000,0,1,0,0,1111111111111111,1111111111111111,0,0,1111111111111111,0,10101010101010101010101010101010,10101010101010101010101010101010,10101010101010101010101010101010,1,0,0,1,0,10,10,10,10,11111111111111111111111111111111,11111111111111111111111111111111,1,1,1,11111111,11111111,11111111,11111111,11111111,11111111,0,x,10101010,0,1,11111111111111111111111111111111,0,0,0,1,x,1,0,10,0,0,0,0,1,1,0,1,0,0,0,0,0,0,0,0,0,11111111111111111111111111111111,0,11,11,1,1,1,0,0,10,10,100,100,1111,1111,0,0,0,0,11111111000000001111111100000000,11111111000000001111111100000000,1,1,0,1,0,0,0,0,1111111111,0,1,10100101,0,0,0,0,0,0,0,0,0,1,0,0,0,1,1,1,0,0,0,0,0,0,0,0,0,0,1
656000,0,1,0,0,0,0,0,0,1111111111111111,0,1010101010101010101010101010101,1010101010101010101010101010101,10101010101010101010101010101010,1,0,0,1,0,10,10,10,10,0,0,1,1,1,0,11111111,0,11111111,11111111,11111111,0,x,10101010,0,1,0,0,0,0,1,x,1,0,10,0,0,0,0,1,1,0,1,0,0,0,0,0,0,0,0,0,11111111111111111111111111111111,0,11,11,0,0,1,0,0,10,10,101,101,1111,1111,0,0,0,0,111111110000000011111111,111111110000000011111111,1,1,0,1,0,0,0,0,1111111111,0,1,10100101,0,0,0,0,0,0,0,0,0,1,0,0,0,1,1,1,0,0,0,0,0,0,0,0,1,1,1
660000,0,0,0,0,0,0,0,0,1111111111111111,0,1010101010101010101010101010101,1010101010101010101010101010101,10101010101010101010101010101010,1,0,0,1,0,10,10,10,10,0,0,1,1,1,0,11111111,0,11111111,11111111,11111111,0,x,10101010,0,1,0,0,0,0,1,x,1,0,10,0,0,0,0,1,1,0,1,0,0,0,0,0,0,0,0,0,11111111111111111111111111111111,0,11,11,0,0,1,0,0,10,10,101,101,1111,1111,0,0,0,0,111111110000000011111111,111111110000000011111111,1,1,0,1,0,0,0,0,1111111111,0,1,10100101,0,0,0,0,0,0,0,0,0,0,0,0,0,1,1,1,0,0,0,0,0,0,0,0,1,1,1
665000,1,1,0,0,0,0,0,0,0,1111111111111111,1010101010101010101010101010101,1010101010101010101010101010101,1010101010101010101010101010101,0,11111111111111111111111111111111,11111111111111111111111111111111,1,0,10,10,10,10,0,0,1,1,1,0,11111111,0,11111111,11111111,0,11111111,x,1010101,0,1,0,0,0,0,1,x,1,0,11,0,0,0,0,1,1,1,0,0,1,0,0,1,0,0,0,0,11111111111111111111111111111111,0,0,11,0,0,1,1,0,10,10,101,101,1111,1111,0,0,0,0,111111110000000011111111,111111110000000011111111,1,1,0,1,0,0,0,0,1111111111,0,1,10100101,0,0,0,1111111111111111,1111111111111111,0,11111111,11111111,0,1,11111111111111111111111111111111,11111111111111111111111111111111,1,1,11,11,0,0,0,0,0,0,0,0,1,1,1
666000,1,1,0,0,1111111111111111,1111111111111111,0,0,0,1111111111111111,10101010101010101010101010101010,10101010101010101010101010101010,1010101010101010101010101010101,0,11111111111111111111111111111111,11111111111111111111111111111111,1,0,10,10,10,10,11111111111111111111111111111111,11111111111111111111111111111111,1,1,1,11111111,11111111,11111111,11111111,11111111,0,11111111,x,1010101,0,1,11111111111111111111111111111111,0,0,0,1,x,1,0,11,0,0,0,0,1,1,1,0,0,1,0,0,1,0,0,0,0,11111111111111111111111111111111,0,0,11,0,0,1,1,0,10,10,110,110,1111,1111,0,0,0,0,11111111000000001111111100000000,11111111000000001111111100000000,1,1,0,1,0,0,0,0,1111111111,0,1,10100101,0,0,0,1111111111111111,1111111111111111,0,11111111,11111111,0,1,11111111111111111111111111111111,11111111111111111111111111111111,1,1,11,11,0,0,0,0,0,0,0,0,0,0,1
670000,1,0,0,0,1111111111111111,1111111111111111,0,0,0,1111111111111111,10101010101010101010101010101010,10101010101010101010101010101010,1010101010101010101010101010101,0,11111111111111111111111111111111,11111111111111111111111111111111,1,0,10,10,10,10,11111111111111111111111111111111,11111111111111111111111111111111,1,1,1,11111111,11111111,11111111,11111111,11111111,0,11111111,x,1010101,0,1,11111111111111111111111111111111,0,0,0,1,x,1,0,11,0,0,0,0,1,1,1,0,0,1,0,0,1,0,0,0,0,11111111111111111111111111111111,0,0,11,0,0,1,1,0,10,10,110,110,1111,1111,0,0,0,0,11111111000000001111111100000000,11111111000000001111111100000000,1,1,0,1,0,0,0,0,1111111111,0,1,10100101,0,0,0,1111111111111111,1111111111111111,0,11111111,11111111,0,0,11111111111111111111111111111111,11111111111111111111111111111111,1,1,11,11,0,0,0,0,0,0,0,0,0,0,1
675000,1,1,0,0,1111111111111111,1111111111111111,0,0,1111111111111111,0,10101010101010101010101010101010,10101010101010101010101010101010,10101010101010101010101010101010,0,0,0,1,0,10,10,10,10,11111111111111111111111111111111,11111111111111111111111111111111,1,1,1,11111111,11111111,11111111,11111111,11111111,11111111,0,x,10101010,0,1,11111111111111111111111111111111,0,0,0,1,x,1,0,100,0,0,0,0,1,1,0,1,0,1,0,0,0,0,0,0,0,11111111111111111111111111111111,0,1,11,0,0,1,1,0,10,10,110,110,1111,1111,0,0,0,0,11111111000000001111111100000000,11111111000000001111111100000000,1,1,0,1,0,0,0,0,1111111111,0,1,10100101,0,0,0,0,0,0,0,0,0,1,0,0,0,1,1,1,0,0,0,0,0,0,0,0,0,0,1
676000,1,1,0,0,0,0,0,0,1111111111111111,0,1010101010101010101010101010101,1010101010101010101010101010101,10101010101010101010101010101010,0,0,0,1,0,10,10,10,10,0,0,1,1,1,0,11111111,0,11111111,11111111,11111111,0,x,10101010,0,1,0,0,0,0,1,x,1,0,100,0,0,0,0,1,1,0,1,0,1,0,0,0,0,0,0,0,11111111111111111111111111111111,0,1,11,1,1,1,1,0,10,10,111,111,1111,1111,0,0,0,0,111111110000000011111111,111111110000000011111111,1,1,0,1,0,0,0,0,1111111111,0,1,10100101,0,0,0,0,0,0,0,0,0,1,0,0,0,1,1,1,0,0,0,0,0,0,0,0,1,1,1
680000,1,0,0,0,0,0,0,0,1111111111111111,0,1010101010101010101010101010101,1010101010101010101010101010101,10101010101010101010101010101010,0,0,0,1,0,10,10,10,10,0,0,1,1,1,0,11111111,0,11111111,11111111,11111111,0,x,10101010,0,1,0,0,0,0,1,x,1,0,100,0,0,0,0,1,1,0,1,0,1,0,0,0,0,0,0,0,11111111111111111111111111111111,0,1,11,1,1,1,1,0,10,10,111,111,1111,1111,0,0,0,0,111111110000000011111111,111111110000000011111111,1,1,0,1,0,0,0,0,1111111111,0,1,10100101,0,0,0,0,0,0,0,0,0,0,0,0,0,1,1,1,0,0,0,0,0,0,0,0,1,1,1
685000,1,1,0,0,0,0,0,0,0,1111111111111111,1010101010101010101010101010101,1010101010101010101010101010101,1010101010101010101010101010101,0,11111111111111111111111111111111,11111111111111111111111111111111,1,0,10,10,10,10,0,0,1,1,1,0,11111111,0,11111111,11111111,0,11111111,x,1010101,0,1,0,0,0,0,1,x,1,0,101,0,0,0,0,1,1,1,0,0,1,0,0,1,0,0,0,0,11111111111111111111111111111111,0,10,11,1,1,1,1,0,10,10,111,111,1111,1111,0,0,0,0,111111110000000011111111,111111110000000011111111,1,1,0,1,0,0,0,0,1111111111,0,1,10100101,0,0,0,1111111111111111,1111111111111111,0,11111111,11111111,0,1,11111111111111111111111111111111,11111111111111111111111111111111,1,1,11,11,0,0,0,0,0,0,0,0,1,1,1
686000,1,1,0,0,1111111111111111,1111111111111111,0,0,0,1111111111111111,10101010101010101010101010101010,10101010101010101010101010101010,1010101010101010101010101010101,0,11111111111111111111111111111111,11111111111111111111111111111111,1,0,10,10,10,10,11111111111111111111111111111111,11111111111111111111111111111111,1,1,1,11111111,11111111,11111111,11111111,11111111,0,11111111,x,1010101,0,1,11111111111111111111111111111111,0,0,0,1,x,1,0,101,0,0,0,0,1,1,1,0,0,1,0,0,1,0,0,0,0,11111111111111111111111111111111,0,10,11,1,1,1,1,0,10,10,1000,1000,1111,1111,0,0,0,0,11111111000000001111111100000000,11111111000000001111111100000000,1,1,0,1,0,0,0,0,1111111111,0,1,10100101,0,0,0,1111111111111111,1111111111111111,0,11111111,11111111,0,1,11111111111111111111111111111111,11111111111111111111111111111111,1,1,11,11,0,0,0,0,0,0,0,0,0,0,1
690000,1,0,0,0,1111111111111111,1111111111111111,0,0,0,1111111111111111,10101010101010101010101010101010,10101010101010101010101010101010,1010101010101010101010101010101,0,11111111111111111111111111111111,11111111111111111111111111111111,1,0,10,10,10,10,11111111111111111111111111111111,11111111111111111111111111111111,1,1,1,11111111,11111111,11111111,11111111,11111111,0,11111111,x,1010101,0,1,11111111111111111111111111111111,0,0,0,1,x,1,0,101,0,0,0,0,1,1,1,0,0,1,0,0,1,0,0,0,0,11111111111111111111111111111111,0,10,11,1,1,1,1,0,10,10,1000,1000,1111,1111,0,0,0,0,11111111000000001111111100000000,11111111000000001111111100000000,1,1,0,1,0,0,0,0,1111111111,0,1,10100101,0,0,0,1111111111111111,1111111111111111,0,11111111,11111111,0,0,11111111111111111111111111111111,11111111111111111111111111111111,1,1,11,11,0,0,0,0,0,0,0,0,0,0,1
695000,1,1,0,0,1111111111111111,1111111111111111,0,0,1111111111111111,0,10101010101010101010101010101010,10101010101010101010101010101010,10101010101010101010101010101010,1,0,0,1,0,10,10,10,10,11111111111111111111111111111111,11111111111111111111111111111111,1,1,1,11111111,11111111,11111111,11111111,11111111,11111111,0,x,10101010,0,1,11111111111111111111111111111111,0,0,0,1,x,1,0,110,0,0,0,0,1,1,0,1,0,1,0,0,0,0,0,0,0,11111111111111111111111111111111,0,11,11,1,1,1,1,0,10,10,1000,1000,1111,1111,0,0,0,0,11111111000000001111111100000000,11111111000000001111111100000000,1,1,0,1,0,0,0,0,1111111111,0,1,10100101,0,0,0,0,0,0,0,0,0,1,0,0,0,1,1,1,0,0,0,0,0,0,0,0,0,0,1
696000,1,1,0,0,0,0,0,0,1111111111111111,0,1010101010101010101010101010101,1010101010101010101010101010101,10101010101010101010101010101010,1,0,0,1,0,10,10,10,10,0,0,1,1,1,0,11111111,0,11111111,11111111,11111111,0,x,10101010,0,1,0,0,0,0,1,x,1,0,110,0,0,0,0,1,1,0,1,0,1,0,0,0,0,0,0,0,11111111111111111111111111111111,0,11,11,0,0,1,1,0,10,10,1001,1001,1111,1111,0,0,0,0,111111110000000011111111,111111110000000011111111,1,1,0,1,0,0,0,0,1111111111,0,1,10100101,0,0,0,0,0,0,0,0,0,1,0,0,0,1,1,1,0,0,0,0,0,0,0,0,1,1,1
700000,1,0,0,0,0,0,0,0,1111111111111111,0,1010101010101010101010101010101,1010101010101010101010101010101,10101010101010101010101010101010,1,0,0,1,0,10,10,10,10,0,0,1,1,1,0,11111111,0,11111111,11111111,11111111,0,x,10101010,0,1,0,0,0,0,1,x,1,0,110,0,0,0,0,1,1,0,1,0,1,0,0,0,0,0,0,0,11111111111111111111111111111111,0,11,11,0,0,1,1,0,10,10,1001,1001,1111,1111,0,0,0,0,111111110000000011111111,111111110000000011111111,1,1,0,1,0,0,0,0,1111111111,0,1,10100101,0,0,0,0,0,0,0,0,0,0,0,0,0,1,1,1,0,0,0,0,0,0,0,0,1,1,1
705000,10,1,0,0,0,0,0,0,0,1111111111111111,1010101010101010101010101010101,1010101010101010101010101010101,1010101010101010101010101010101,0,11111111111111111111111111111111,11111111111111111111111111111111,1,0,10,10,10,10,0,0,1,1,1,0,11111111,0,11111111,11111111,0,11111111,x,1010101,0,1,0,0,0,0,1,x,1,0,111,0,0,0,0,1,1,1,0,0,0,0,0,1,0,0,0,0,11111111111111111111111111111111,0,0,11,0,0,0,0,0,10,10,1001,1001,1111,1111,0,0,0,0,111111110000000011111111,111111110000000011111111,1,1,0,1,0,0,0,0,1111111111,0,1,1001010,0,0,0,1111111111111111,1111111111111111,0,11111111,11111111,0,1,11111111111111111111111111111111,11111111111111111111111111111111,1,1,11,11,0,0,0,0,0,0,0,0,1,1,1
706000,10,1,0,0,1111111111111111,1111111111111111,0,0,0,1111111111111111,10101010101010101010101010101010,10101010101010101010101010101010,1010101010101010101010101010101,0,11111111111111111111111111111111,11111111111111111111111111111111,1,0,10,10,10,10,11111111111111111111111111111111,11111111111111111111111111111111,1,1,1,11111111,11111111,11111111,11111111,11111111,0,11111111,x,1010101,0,1,11111111111111111111111111111111,0,0,0,1,x,1,0,111,0,0,0,0,1,1,1,0,0,0,0,0,1,0,0,0,0,11111111111111111111111111111111,0,0,11,0,0,0,0,0,10,10,1010,1010,1111,1111,0,0,0,0,11111111000000001111111100000000,11111111000000001111111100000000,1,1,0,1,0,0,0,0,1111111111,0,1,1001010,0,0,0,1111111111111111,1111111111111111,0,11111111,11111111,0,1,11111111111111111111111111111111,11111111111111111111111111111111,1,1,11,11,0,0,0,0,0,0,0,0,0,0,1
710000,10,0,0,0,1111111111111111,1111111111111111,0,0,0,1111111111111111,10101010101010101010101010101010,10101010101010101010101010101010,1010101010101010101010101010101,0,11111111111111111111111111111111,11111111111111111111111111111111,1,0,10,10,10,10,11111111111111111111111111111111,11111111111111111111111111111111,1,1,1,11111111,11111111,11111111,11111111,11111111,0,11111111,x,1010101,0,1,11111111111111111111111111111111,0,0,0,1,x,1,0,111,0,0,0,0,1,1,1,0,0,0,0,0,1,0,0,0,0,11111111111111111111111111111111,0,0,11,0,0,0,0,0,10,10,1010,1010,1111,1111,0,0,0,0,11111111000000001111111100000000,11111111000000001111111100000000,1,1,0,1,0,0,0,0,1111111111,0,1,1001010,0,0,0,1111111111111111,1111111111111111,0,11111111,11111111,0,0,11111111111111111111111111111111,11111111111111111111111111111111,1,1,11,11,0,0,0,0,0,0,0,0,0,0,1
715000,10,1,0,0,1111111111111111,1111111111111111,0,0,1111111111111111,0,10101010101010101010101010101010,10101010101010101010101010101010,10101010101010101010101010101010,0,0,0,1,0,10,10,10,10,11111111111111111111111111111111,11111111111111111111111111111111,1,1,1,11111111,11111111,11111111,11111111,11111111,11111111,0,x,10101010,0,1,11111111111111111111111111111111,0,0,0,1,x,1,0,1000,0,0,0,0,1,1,0,1,0,0,0,0,0,0,0,0,0,11111111111111111111111111111111,0,1,11,0,0,0,0,0,10,10,1010,1010,1111,1111,0,0,0,0,11111111000000001111111100000000,11111111000000001111111100000000,1,1,0,1,0,0,0,0,1111111111,0,1,1001010,0,0,0,0,0,0,0,0,0,1,0,0,0,1,1,1,0,0,0,0,0,0,0,0,0,0,1
716000,10,1,0,0,0,0,0,0,1111111111111111,0,1010101010101010101010101010101,1010101010101010101010101010101,10101010101010101010101010101010,0,0,0,1,0,10,10,10,10,0,0,1,1,1,0,11111111,0,11111111,11111111,11111111,0,x,10101010,0,1,0,0,0,0,1,x,1,0,1000,0,0,0,0,1,1,0,1,0,0,0,0,0,0,0,0,0,11111111111111111111111111111111,0,1,11,1,1,0,0,0,10,10,1011,1011,1111,1111,0,0,0,0,111111110000000011111111,111111110000000011111111,1,1,0,1,0,0,0,0,1111111111,0,1,1001010,0,0,0,0,0,0,0,0,0,1,0,0,0,1,1,1,0,0,0,0,0,0,0,0,1,1,1
720000,10,0,0,0,0,0,0,0,1111111111111111,0,1010101010101010101010101010101,1010101010101010101010101010101,10101010101010101010101010101010,0,0,0,1,0,10,10,10,10,0,0,1,1,1,0,11111111,0,11111111,11111111,11111111,0,x,10101010,0,1,0,0,0,0,1,x,1,0,1000,0,0,0,0,1,1,0,1,0,0,0,0,0,0,0,0,0,11111111111111111111111111111111,0,1,11,1,1,0,0,0,10,10,1011,1011,1111,1111,0,0,0,0,111111110000000011111111,111111110000000011111111,1,1,0,1,0,0,0,0,1111111111,0,1,1001010,0,0,0,0,0,0,0,0,0,0,0,0,0,1,1,1,0,0,0,0,0,0,0,0,1,1,1
725000,10,1,0,0,0,0,0,0,0,1111111111111111,1010101010101010101010101010101,1010101010101010101010101010101,1010101010101010101010101010101,0,11111111111111111111111111111111,11111111111111111111111111111111,1,0,10,10,10,10,0,0,1,1,1,0,11111111,0,11111111,11111111,0,11111111,x,1010101,0,1,0,0,0,0,1,x,1,0,1001,0,0,0,0,1,1,1,0,0,0,0,0,1,0,0,0,0,11111111111111111111111111111111,0,10,11,1,1,0,0,0,10,10,1011,1011,1111,1111,0,0,0,0,111111110000000011111111,111111110000000011111111,1,1,0,1,0,0,0,0,1111111111,0,1,1001010,0,0,0,1111111111111111,1111111111111111,0,11111111,11111111,0,1,11111111111111111111111111111111,11111111111111111111111111111111,1,1,11,11,0,0,0,0,0,0,0,0,1,1,1
726000,10,1,0,0,1111111111111111,1111111111111111,0,0,0,1111111111111111,10101010101010101010101010101010,10101010101010101010101010101010,1010101010101010101010101010101,0,11111111111111111111111111111111,11111111111111111111111111111111,1,0,10,10,10,10,11111111111111111111111111111111,11111111111111111111111111111111,1,1,1,11111111,11111111,11111111,11111111,11111111,0,11111111,x,1010101,0,1,11111111111111111111111111111111,0,0,0,1,x,1,0,1001,0,0,0,0,1,1,1,0,0,0,0,0,1,0,0,0,0,11111111111111111111111111111111,0,10,11,0,0,0,0,0,10,10,1100,1100,1111,1111,0,0,0,0,11111111000000001111111100000000,11111111000000001111111100000000,1,1,0,1,0,0,0,0,1111111111,0,1,1001010,0,0,0,1111111111111111,1111111111111111,0,11111111,11111111,0,1,11111111111111111111111111111111,11111111111111111111111111111111,1,1,11,11,0,0,0,0,0,0,0,0,0,0,1
730000,10,0,0,0,1111111111111111,1111111111111111,0,0,0,1111111111111111,10101010101010101010101010101010,10101010101010101010101010101010,1010101010101010101010101010101,0,11111111111111111111111111111111,11111111111111111111111111111111,1,0,10,10,10,10,11111111111111111111111111111111,11111111111111111111111111111111,1,1,1,11111111,11111111,11111111,11111111,11111111,0,11111111,x,1010101,0,1,11111111111111111111111111111111,0,0,0,1,x,1,0,1001,0,0,0,0,1,1,1,0,0,0,0,0,1,0,0,0,0,11111111111111111111111111111111,0,10,11,0,0,0,0,0,10,10,1100,1100,1111,1111,0,0,0,0,11111111000000001111111100000000,11111111000000001111111100000000,1,1,0,1,0,0,0,0,1111111111,0,1,1001010,0,0,0,1111111111111111,1111111111111111,0,11111111,11111111,0,0,11111111111111111111111111111111,11111111111111111111111111111111,1,1,11,11,0,0,0,0,0,0,0,0,0,0,1
735000,10,1,0,0,1111111111111111,1111111111111111,0,0,1111111111111111,0,10101010101010101010101010101010,10101010101010101010101010101010,10101010101010101010101010101010,1,0,0,1,0,10,10,10,10,11111111111111111111111111111111,11111111111111111111111111111111,1,1,1,11111111,11111111,11111111,11111111,11111111,11111111,0,x,10101010,0,1,11111111111111111111111111111111,0,0,0,1,x,1,0,1010,0,0,0,0,1,1,0,1,0,0,0,0,0,0,0,0,0,11111111111111111111111111111111,0,11,11,0,0,0,0,0,10,10,1100,1100,1111,1111,0,0,0,0,11111111000000001111111100000000,11111111000000001111111100000000,1,1,0,1,0,0,0,0,1111111111,0,1,1001010,0,0,0,0,0,0,0,0,0,1,0,0,0,1,1,1,0,0,0,0,0,0,0,0,0,0,1
736000,10,1,0,0,0,0,0,0,1111111111111111,0,1010101010101010101010101010101,1010101010101010101010101010101,10101010101010101010101010101010,1,0,0,1,0,10,10,10,10,0,0,1,1,1,0,11111111,0,11111111,11111111,11111111,0,x,10101010,0,1,0,0,0,0,1,x,1,0,1010,0,0,0,0,1,1,0,1,0,0,0,0,0,0,0,0,0,11111111111111111111111111111111,0,11,11,1,1,0,0,0,10,10,1101,1101,1111,1111,0,0,0,0,111111110000000011111111,111111110000000011111111,1,1,0,1,0,0,0,0,1111111111,0,1,1001010,0,0,0,0,0,0,0,0,0,1,0,0,0,1,1,1,0,0,0,0,0,0,0,0,1,1,1
740000,10,0,0,0,0,0,0,0,1111111111111111,0,1010101010101010101010101010101,1010101010101010101010101010101,10101010101010101010101010101010,1,0,0,1,0,10,10,10,10,0,0,1,1,1,0,11111111,0,11111111,11111111,11111111,0,x,10101010,0,1,0,0,0,0,1,x,1,0,1010,0,0,0,0,1,1,0,1,0,0,0,0,0,0,0,0,0,11111111111111111111111111111111,0,11,11,1,1,0,0,0,10,10,1101,1101,1111,1111,0,0,0,0,111111110000000011111111,111111110000000011111111,1,1,0,1,0,0,0,0,1111111111,0,1,1001010,0,0,0,0,0,0,0,0,0,0,0,0,0,1,1,1,0,0,0,0,0,0,0,0,1,1,1
745000,11,1,0,0,0,0,0,0,0,1111111111111111,1010101010101010101010101010101,1010101010101010101010101010101,1010101010101010101010101010101,0,11111111111111111111111111111111,11111111111111111111111111111111,1,0,10,10,10,10,0,0,1,1,1,0,11111111,0,11111111,11111111,0,11111111,x,1010101,0,1,0,0,0,0,1,x,1,0,1011,0,0,0,0,1,1,1,0,0,1,0,0,1,0,0,0,0,11111111111111111111111111111111,0,0,11,1,1,0,1,0,10,10,1101,1101,1111,1111,0,0,0,0,111111110000000011111111,111111110000000011111111,1,1,0,1,0,0,0,0,1111111111,0,1,1001010,0,0,0,1111111111111111,1111111111111111,0,11111111,11111111,0,1,11111111111111111111111111111111,11111111111111111111111111111111,1,1,11,11,0,0,1,0,0,0,0,0,1,1,1
746000,11,1,0,0,1111111111111111,1111111111111111,0,0,0,1111111111111111,10101010101010101010101010101010,10101010101010101010101010101010,1010101010101010101010101010101,0,11111111111111111111111111111111,11111111111111111111111111111111,1,0,10,10,10,10,11111111111111111111111111111111,11111111111111111111111111111111,1,1,1,11111111,11111111,11111111,11111111,11111111,0,11111111,x,1010101,0,1,11111111111111111111111111111111,0,0,0,1,x,1,0,1011,0,0,0,0,1,1,1,0,0,1,0,0,1,0,0,0,0,11111111111111111111111111111111,0,0,11,1,1,0,1,0,10,10,1110,1110,1111,1111,0,0,0,0,11111111000000001111111100000000,11111111000000001111111100000000,1,1,0,1,0,0,0,0,1111111111,0,1,1001010,0,0,0,1111111111111111,1111111111111111,0,11111111,11111111,0,1,11111111111111111111111111111111,11111111111111111111111111111111,1,1,11,11,0,0,1,0,0,0,0,0,0,0,1
750000,11,0,0,0,1111111111111111,1111111111111111,0,0,0,1111111111111111,10101010101010101010101010101010,10101010101010101010101010101010,1010101010101010101010101010101,0,11111111111111111111111111111111,11111111111111111111111111111111,1,0,10,10,10,10,11111111111111111111111111111111,11111111111111111111111111111111,1,1,1,11111111,11111111,11111111,11111111,11111111,0,11111111,x,1010101,0,1,11111111111111111111111111111111,0,0,0,1,x,1,0,1011,0,0,0,0,1,1,1,0,0,1,0,0,1,0,0,0,0,11111111111111111111111111111111,0,0,11,1,1,0,1,0,10,10,1110,1110,1111,1111,0,0,0,0,11111111000000001111111100000000,11111111000000001111111100000000,1,1,0,1,0,0,0,0,1111111111,0,1,1001010,0,0,0,1111111111111111,1111111111111111,0,11111111,11111111,0,0,11111111111111111111111111111111,11111111111111111111111111111111,1,1,11,11,0,0,1,0,0,0,0,0,0,0,1
755000,11,1,0,0,1111111111111111,1111111111111111,0,0,1111111111111111,0,10101010101010101010101010101010,10101010101010101010101010101010,10101010101010101010101010101010,0,0,0,1,0,10,10,10,10,11111111111111111111111111111111,11111111111111111111111111111111,1,1,1,11111111,11111111,11111111,11111111,11111111,11111111,0,x,10101010,0,1,11111111111111111111111111111111,0,0,0,1,x,1,0,1100,0,0,0,0,1,1,0,1,0,1,0,0,0,0,0,0,0,11111111111111111111111111111111,0,1,11,1,1,0,1,0,10,10,1110,1110,1111,1111,0,0,0,0,11111111000000001111111100000000,11111111000000001111111100000000,1,1,0,1,0,0,0,0,1111111111,0,1,1001010,0,0,0,0,0,0,0,0,0,1,0,0,0,1,1,1,0,0,1,0,0,0,0,0,0,0,1
756000,11,1,0,0,0,0,0,0,1111111111111111,0,1010101010101010101010101010101,1010101010101010101010101010101,10101010101010101010101010101010,0,0,0,1,0,10,10,10,10,0,0,1,1,1,0,11111111,0,11111111,11111111,11111111,0,x,10101010,0,1,0,0,0,0,1,x,1,0,1100,0,0,0,0,1,1,0,1,0,1,0,0,0,0,0,0,0,11111111111111111111111111111111,0,1,11,0,0,0,1,0,10,10,1111,1111,1111,1111,0,0,0,0,111111110000000011111111,111111110000000011111111,1,1,0,1,0,0,0,0,1111111111,0,1,1001010,0,0,0,0,0,0,0,0,0,1,0,0,0,1,1,1,0,0,1,0,0,0,0,0,1,1,1
760000,11,0,0,0,0,0,0,0,1111111111111111,0,1010101010101010101010101010101,1010101010101010101010101010101,10101010101010101010101010101010,0,0,0,1,0,10,10,10,10,0,0,1,1,1,0,11111111,0,11111111,11111111,11111111,0,x,10101010,0,1,0,0,0,0,1,x,1,0,1100,0,0,0,0,1,1,0,1,0,1,0,0,0,0,0,0,0,11111111111111111111111111111111,0,1,11,0,0,0,1,0,10,10,1111,1111,1111,1111,0,0,0,0,111111110000000011111111,111111110000000011111111,1,1,0,1,0,0,0,0,1111111111,0,1,1001010,0,0,0,0,0,0,0,0,0,0,0,0,0,1,1,1,0,0,1,0,0,0,0,0,1,1,1
765000,11,1,0,0,0,0,0,0,0,1111111111111111,1010101010101010101010101010101,1010101010101010101010101010101,1010101010101010101010101010101,0,11111111111111111111111111111111,11111111111111111111111111111111,1,0,10,10,10,10,0,0,1,1,1,0,11111111,0,11111111,11111111,0,11111111,x,1010101,0,1,0,0,0,0,1,x,1,0,1101,0,0,0,0,1,1,1,0,0,1,0,0,1,0,0,0,0,11111111111111111111111111111111,0,10,11,0,0,0,1,0,10,10,1111,1111,1111,1111,0,0,0,0,111111110000000011111111,111111110000000011111111,1,1,0,1,0,0,0,0,1111111111,0,1,1001010,0,0,0,1111111111111111,1111111111111111,0,11111111,11111111,0,1,11111111111111111111111111111111,11111111111111111111111111111111,1,1,11,11,0,0,1,0,0,0,0,0,1,1,1
766000,11,1,0,0,1111111111111111,1111111111111111,0,0,0,1111111111111111,10101010101010101010101010101010,10101010101010101010101010101010,1010101010101010101010101010101,0,11111111111111111111111111111111,11111111111111111111111111111111,1,0,10,10,10,10,11111111111111111111111111111111,11111111111111111111111111111111,1,1,1,11111111,11111111,11111111,11111111,11111111,0,11111111,x,1010101,0,1,11111111111111111111111111111111,0,0,0,1,x,1,0,1101,0,0,0,0,1,1,1,0,0,1,0,0,1,0,0,0,0,11111111111111111111111111111111,0,10,11,1,1,0,1,0,10,10,10000,10000,1111,1111,0,0,0,0,11111111000000001111111100000000,11111111000000001111111100000000,1,1,0,1,0,0,0,0,1111111111,0,1,1001010,0,0,0,1111111111111111,1111111111111111,0,11111111,11111111,0,1,11111111111111111111111111111111,11111111111111111111111111111111,1,1,11,11,0,0,1,0,0,0,0,0,0,0,1
770000,11,0,0,0,1111111111111111,1111111111111111,0,0,0,1111111111111111,10101010101010101010101010101010,10101010101010101010101010101010,1010101010101010101010101010101,0,11111111111111111111111111111111,11111111111111111111111111111111,1,0,10,10,10,10,11111111111111111111111111111111,11111111111111111111111111111111,1,1,1,11111111,11111111,11111111,11111111,11111111,0,11111111,x,1010101,0,1,11111111111111111111111111111111,0,0,0,1,x,1,0,1101,0,0,0,0,1,1,1,0,0,1,0,0,1,0,0,0,0,11111111111111111111111111111111,0,10,11,1,1,0,1,0,10,10,10000,10000,1111,1111,0,0,0,0,11111111000000001111111100000000,11111111000000001111111100000000,1,1,0,1,0,0,0,0,1111111111,0,1,1001010,0,0,0,1111111111111111,1111111111111111,0,11111111,11111111,0,0,11111111111111111111111111111111,11111111111111111111111111111111,1,1,11,11,0,0,1,0,0,0,0,0,0,0,1
775000,11,1,0,0,1111111111111111,1111111111111111,0,0,1111111111111111,0,10101010101010101010101010101010,10101010101010101010101010101010,10101010101010101010101010101010,1,0,0,1,0,10,10,10,10,11111111111111111111111111111111,11111111111111111111111111111111,1,1,1,11111111,11111111,11111111,11111111,11111111,11111111,0,x,10101010,0,1,11111111111111111111111111111111,0,0,0,1,x,1,0,1110,0,0,0,0,1,1,0,1,0,1,0,0,0,0,0,0,0,11111111111111111111111111111111,0,11,11,1,1,0,1,0,10,10,10000,10000,1111,1111,0,0,0,0,11111111000000001111111100000000,11111111000000001111111100000000,1,1,0,1,0,0,0,0,1111111111,0,1,1001010,0,0,0,0,0,0,0,0,0,1,0,0,0,1,1,1,0,0,1,0,0,0,0,0,0,0,1
776000,11,1,0,0,0,0,0,0,1111111111111111,0,1010101010101010101010101010101,1010101010101010101010101010101,10101010101010101010101010101010,1,0,0,1,0,10,10,10,10,0,0,1,1,1,0,11111111,0,11111111,11111111,11111111,0,x,10101010,0,1,0,0,0,0,1,x,1,0,1110,0,0,0,0,1,1,0,1,0,1,0,0,0,0,0,0,0,11111111111111111111111111111111,0,11,11,0,0,0,1,0,10,10,10001,10001,1111,1111,0,0,0,0,111111110000000011111111,111111110000000011111111,1,1,0,1,0,0,0,0,1111111111,0,1,1001010,0,0,0,0,0,0,0,0,0,1,0,0,0,1,1,1,0,0,1,0,0,0,0,0,1,1,1
780000,11,0,0,0,0,0,0,0,1111111111111111,0,1010101010101010101010101010101,1010101010101010101010101010101,10101010101010101010101010101010,1,0,0,1,0,10,10,10,10,0,0,1,1,1,0,11111111,0,11111111,11111111,11111111,0,x,10101010,0,1,0,0,0,0,1,x,1,0,1110,0,0,0,0,1,1,0,1,0,1,0,0,0,0,0,0,0,11111111111111111111111111111111,0,11,11,0,0,0,1,0,10,10,10001,10001,1111,1111,0,0,0,0,111111110000000011111111,111111110000000011111111,1,1,0,1,0,0,0,0,1111111111,0,1,1001010,0,0,0,0,0,0,0,0,0,0,0,0,0,1,1,1,0,0,1,0,0,0,0,0,1,1,1
785000,100,1,0,0,0,0,0,0,0,1111111111111111,1010101010101010101010101010101,1010101010101010101010101010101,1010101010101010101010101010101,0,11111111111111111111111111111111,11111111111111111111111111111111,1,0,10,10,10,10,0,0,1,1,1,0,11111111,0,11111111,11111111,0,11111111,x,1010101,0,1,0,0,0,0,1,x,1,0,1111,0,0,0,0,1,1,1,0,0,0,0,0,1,0,0,0,0,11111111111111111111111111111111,0,0,11,0,0,1,0,0,10,10,10001,10001,1111,1111,0,0,0,0,111111110000000011111111,111111110000000011111111,1,1,0,1,0,0,0,0,1111111111,0,1,10010100,0,0,0,1111111111111111,1111111111111111,0,11111111,11111111,0,1,11111111111111111111111111111111,11111111111111111111111111111111,1,1,11,11,0,0,1,0,0,0,0,0,1,1,1
786000,100,1,0,0,1111111111111111,1111111111111111,0,0,0,1111111111111111,10101010101010101010101010101010,10101010101010101010101010101010,1010101010101010101010101010101,0,11111111111111111111111111111111,11111111111111111111111111111111,1,0,10,10,10,10,11111111111111111111111111111111,11111111111111111111111111111111,1,1,1,11111111,11111111,11111111,11111111,11111111,0,11111111,x,1010101,0,1,11111111111111111111111111111111,0,0,0,1,x,1,0,1111,0,0,0,0,1,1,1,0,0,0,0,0,1,0,0,0,0,11111111111111111111111111111111,0,0,11,0,0,1,0,0,10,10,10010,10010,1111,1111,0,0,0,0,11111111000000001111111100000000,11111111000000001111111100000000,1,1,0,1,0,0,0,0,1111111111,0,1,10010100,0,0,0,1111111111111111,1111111111111111,0,11111111,11111111,0,1,11111111111111111111111111111111,11111111111111111111111111111111,1,1,11,11,0,0,1,0,0,0,0,0,0,0,1
790000,100,0,0,0,1111111111111111,1111111111111111,0,0,0,1111111111111111,10101010101010101010101010101010,10101010101010101010101010101010,1010101010101010101010101010101,0,11111111111111111111111111111111,11111111111111111111111111111111,1,0,10,10,10,10,11111111111111111111111111111111,11111111111111111111111111111111,1,1,1,11111111,11111111,11111111,11111111,11111111,0,11111111,x,1010101,0,1,11111111111111111111111111111111,0,0,0,1,x,1,0,1111,0,0,0,0,1,1,1,0,0,0,0,0,1,0,0,0,0,11111111111111111111111111111111,0,0,11,0,0,1,0,0,10,10,10010,10010,1111,1111,0,0,0,0,11111111000000001111111100000000,11111111000000001111111100000000,1,1,0,1,0,0,0,0,1111111111,0,1,10010100,0,0,0,1111111111111111,1111111111111111,0,11111111,11111111,0,0,11111111111111111111111111111111,11111111111111111111111111111111,1,1,11,11,0,0,1,0,0,0,0,0,0,0,1
795000,100,1,0,0,1111111111111111,1111111111111111,0,0,1111111111111111,0,10101010101010101010101010101010,10101010101010101010101010101010,10101010101010101010101010101010,0,0,0,1,0,10,10,10,10,11111111111111111111111111111111,11111111111111111111111111111111,1,1,1,11111111,11111111,11111111,11111111,11111111,11111111,0,x,10101010,0,1,11111111111111111111111111111111,0,0,0,1,x,1,0,10000,0,0,0,0,1,1,0,1,0,0,0,0,0,0,0,0,0,11111111111111111111111111111111,0,1,11,0,0,1,0,0,10,10,10010,10010,1111,1111,0,0,0,0,11111111000000001111111100000000,11111111000000001111111100000000,1,1,0,1,0,0,0,0,1111111111,0,1,10010100,0,0,0,0,0,0,0,0,0,1,0,0,0,1,1,1,0,0,1,0,0,0,0,0,0,0,1
796000,100,1,0,0,0,0,0,0,1111111111111111,0,1010101010101010101010101010101,1010101010101010101010101010101,10101010101010101010101010101010,0,0,0,1,0,10,10,10,10,0,0,1,1,1,0,11111111,0,11111111,11111111,11111111,0,x,10101010,0,1,0,0,0,0,1,x,1,0,10000,0,0,0,0,1,1,0,1,0,0,0,0,0,0,0,0,0,11111111111111111111111111111111,0,1,11,1,1,1,0,0,10,10,10011,10011,1111,1111,0,0,0,0,111111110000000011111111,111111110000000011111111,1,1,0,1,0,0,0,0,1111111111,0,1,10010100,0,0,0,0,0,0,0,0,0,1,0,0,0,1,1,1,0,0,1,0,0,0,0,0,1,1,1
800000,100,0,0,0,0,0,0,0,1111111111111111,0,1010101010101010101010101010101,1010101010101010101010101010101,10101010101010101010101010101010,0,0,0,1,0,10,10,10,10,0,0,1,1,1,0,11111111,0,11111111,11111111,11111111,0,x,10101010,0,1,0,0,0,0,1,x,1,0,10000,0,0,0,0,1,1,0,1,0,0,0,0,0,0,0,0,0,11111111111111111111111111111111,0,1,11,1,1,1,0,0,10,10,10011,10011,1111,1111,0,0,0,0,111111110000000011111111,111111110000000011111111,1,1,0,1,0,0,0,0,1111111111,0,1,10010100,0,0,0,0,0,0,0,0,0,0,0,0,0,1,1,1,0,0,1,0,0,0,0,0,1,1,1
805000,100,1,0,0,0,0,0,0,0,1111111111111111,1010101010101010101010101010101,1010101010101010101010101010101,1010101010101010101010101010101,0,11111111111111111111111111111111,11111111111111111111111111111111,1,0,10,10,10,10,0,0,1,1,1,0,11111111,0,11111111,11111111,0,11111111,x,1010101,0,1,0,0,0,0,1,x,1,0,10001,0,0,0,0,1,1,1,0,0,0,0,0,1,0,0,0,0,11111111111111111111111111111111,0,10,11,1,1,1,0,0,10,10,10011,10011,1111,1111,0,0,0,0,111111110000000011111111,111111110000000011111111,1,1,0,1,0,0,0,0,1111111111,0,1,10010100,0,0,0,1111111111111111,1111111111111111,0,11111111,11111111,0,1,11111111111111111111111111111111,11111111111111111111111111111111,1,1,11,11,0,0,1,0,0,0,0,0,1,1,1
806000,100,1,0,0,1111111111111111,1111111111111111,0,0,0,1111111111111111,10101010101010101010101010101010,10101010101010101010101010101010,1010101010101010101010101010101,0,11111111111111111111111111111111,11111111111111111111111111111111,1,0,10,10,10,10,11111111111111111111111111111111,11111111111111111111111111111111,1,1,1,11111111,11111111,11111111,11111111,11111111,0,11111111,x,1010101,0,1,11111111111111111111111111111111,0,0,0,1,x,1,0,10001,0,0,0,0,1,1,1,0,0,0,0,0,1,0,0,0,0,11111111111111111111111111111111,0,10,11,0,0,1,0,0,10,10,10100,10100,1111,1111,0,0,0,0,11111111000000001111111100000000,11111111000000001111111100000000,1,1,0,1,0,0,0,0,1111111111,0,1,10010100,0,0,0,1111111111111111,1111111111111111,0,11111111,11111111,0,1,11111111111111111111111111111111,11111111111111111111111111111111,1,1,11,11,0,0,1,0,0,0,0,0,0,0,1
810000,100,0,0,0,1111111111111111,1111111111111111,0,0,0,1111111111111111,10101010101010101010101010101010,10101010101010101010101010101010,1010101010101010101010101010101,0,11111111111111111111111111111111,11111111111111111111111111111111,1,0,10,10,10,10,11111111111111111111111111111111,11111111111111111111111111111111,1,1,1,11111111,11111111,11111111,11111111,11111111,0,11111111,x,1010101,0,1,11111111111111111111111111111111,0,0,0,1,x,1,0,10001,0,0,0,0,1,1,1,0,0,0,0,0,1,0,0,0,0,11111111111111111111111111111111,0,10,11,0,0,1,0,0,10,10,10100,10100,1111,1111,0,0,0,0,11111111000000001111111100000000,11111111000000001111111100000000,1,1,0,1,0,0,0,0,1111111111,0,1,10010100,0,0,0,1111111111111111,1111111111111111,0,11111111,11111111,0,0,11111111111111111111111111111111,11111111111111111111111111111111,1,1,11,11,0,0,1,0,0,0,0,0,0,0,1
815000,100,1,0,0,1111111111111111,1111111111111111,0,0,1111111111111111,0,10101010101010101010101010101010,10101010101010101010101010101010,10101010101010101010101010101010,1,0,0,1,0,10,10,10,10,11111111111111111111111111111111,11111111111111111111111111111111,1,1,1,11111111,11111111,11111111,11111111,11111111,11111111,0,x,10101010,0,1,11111111111111111111111111111111,0,0,0,1,x,1,0,10010,0,0,0,0,1,1,0,1,0,0,0,0,0,0,0,0,0,11111111111111111111111111111111,0,11,11,0,0,1,0,0,10,10,10100,10100,1111,1111,0,0,0,0,11111111000000001111111100000000,11111111000000001111111100000000,1,1,0,1,0,0,0,0,1111111111,0,1,10010100,0,0,0,0,0,0,0,0,0,1,0,0,0,1,1,1,0,0,1,0,0,0,0,0,0,0,1
816000,100,1,0,0,0,0,0,0,1111111111111111,0,1010101010101010101010101010101,1010101010101010101010101010101,10101010101010101010101010101010,1,0,0,1,0,10,10,10,10,0,0,1,1,1,0,11111111,0,11111111,11111111,11111111,0,x,10101010,0,1,0,0,0,0,1,x,1,0,10010,0,0,0,0,1,1,0,1,0,0,0,0,0,0,0,0,0,11111111111111111111111111111111,0,11,11,1,1,1,0,0,10,10,10101,10101,1111,1111,0,0,0,0,111111110000000011111111,111111110000000011111111,1,1,0,1,0,0,0,0,1111111111,0,1,10010100,0,0,0,0,0,0,0,0,0,1,0,0,0,1,1,1,0,0,1,0,0,0,0,0,1,1,1
820000,100,0,0,0,0,0,0,0,1111111111111111,0,1010101010101010101010101010101,1010101010101010101010101010101,10101010101010101010101010101010,1,0,0,1,0,10,10,10,10,0,0,1,1,1,0,11111111,0,11111111,11111111,11111111,0,x,10101010,0,1,0,0,0,0,1,x,1,0,10010,0,0,0,0,1,1,0,1,0,0,0,0,0,0,0,0,0,11111111111111111111111111111111,0,11,11,1,1,1,0,0,10,10,10101,10101,1111,1111,0,0,0,0,111111110000000011111111,111111110000000011111111,1,1,0,1,0,0,0,0,1111111111,0,1,10010100,0,0,0,0,0,0,0,0,0,0,0,0,0,1,1,1,0,0,1,0,0,0,0,0,1,1,1
825000,101,1,0,0,0,0,0,0,0,1111111111111111,1010101010101010101010101010101,1010101010101010101010101010101,1010101010101010101010101010101,0,11111111111111111111111111111111,11111111111111111111111111111111,1,0,10,10,10,10,0,0,1,1,1,0,11111111,0,11111111,11111111,0,11111111,x,1010101,0,1,0,0,0,0,1,x,1,0,10011,0,0,0,0,1,1,1,0,0,1,0,0,1,0,0,0,0,11111111111111111111111111111111,0,0,11,1,1,1,1,0,10,10,10101,10101,1111,1111,0,0,0,0,111111110000000011111111,111111110000000011111111,1,1,0,1,0,0,0,0,1111111111,0,1,10010100,0,0,0,1111111111111111,1111111111111111,0,11111111,11111111,0,1,11111111111111111111111111111111,11111111111111111111111111111111,1,1,11,11,0,0,11,0,0,0,0,0,1,1,1
826000,101,1,0,0,1111111111111111,1111111111111111,0,0,0,1111111111111111,10101010101010101010101010101010,10101010101010101010101010101010,1010101010101010101010101010101,0,11111111111111111111111111111111,11111111111111111111111111111111,1,0,10,10,10,10,11111111111111111111111111111111,11111111111111111111111111111111,1,1,1,11111111,11111111,11111111,11111111,11111111,0,11111111,x,1010101,0,1,11111111111111111111111111111111,0,0,0,1,x,1,0,10011,0,0,0,0,1,1,1,0,0,1,0,0,1,0,0,0,0,11111111111111111111111111111111,0,0,11,1,1,1,1,0,10,10,10110,10110,1111,1111,0,0,0,0,11111111000000001111111100000000,11111111000000001111111100000000,1,1,0,1,0,0,0,0,1111111111,0,1,10010100,0,0,0,1111111111111111,1111111111111111,0,11111111,11111111,0,1,11111111111111111111111111111111,11111111111111111111111111111111,1,1,11,11,0,0,11,0,0,0,0,0,0,0,1
830000,101,0,0,0,1111111111111111,1111111111111111,0,0,0,1111111111111111,10101010101010101010101010101010,10101010101010101010101010101010,1010101010101010101010101010101,0,11111111111111111111111111111111,11111111111111111111111111111111,1,0,10,10,10,10,11111111111111111111111111111111,11111111111111111111111111111111,1,1,1,11111111,11111111,11111111,11111111,11111111,0,11111111,x,1010101,0,1,11111111111111111111111111111111,0,0,0,1,x,1,0,10011,0,0,0,0,1,1,1,0,0,1,0,0,1,0,0,0,0,11111111111111111111111111111111,0,0,11,1,1,1,1,0,10,10,10110,10110,1111,1111,0,0,0,0,11111111000000001111111100000000,11111111000000001111111100000000,1,1,0,1,0,0,0,0,1111111111,0,1,10010100,0,0,0,1111111111111111,1111111111111111,0,11111111,11111111,0,0,11111111111111111111111111111111,11111111111111111111111111111111,1,1,11,11,0,0,11,0,0,0,0,0,0,0,1
835000,101,1,0,0,1111111111111111,1111111111111111,0,0,1111111111111111,0,10101010101010101010101010101010,10101010101010101010101010101010,10101010101010101010101010101010,0,0,0,1,0,10,10,10,10,11111111111111111111111111111111,11111111111111111111111111111111,1,1,1,11111111,11111111,11111111,11111111,11111111,11111111,0,x,10101010,0,1,11111111111111111111111111111111,0,0,0,1,x,1,0,10100,0,0,0,0,1,1,0,1,0,1,0,0,0,0,0,0,0,11111111111111111111111111111111,0,1,11,1,1,1,1,0,10,10,10110,10110,1111,1111,0,0,0,0,11111111000000001111111100000000,11111111000000001111111100000000,1,1,0,1,0,0,0,0,1111111111,0,1,10010100,0,0,0,0,0,0,0,0,0,1,0,0,0,1,1,1,0,0,11,0,0,0,0,0,0,0,1
836000,101,1,0,0,0,0,0,0,1111111111111111,0,1010101010101010101010101010101,1010101010101010101010101010101,10101010101010101010101010101010,0,0,0,1,0,10,10,10,10,0,0,1,1,1,0,11111111,0,11111111,11111111,11111111,0,x,10101010,0,1,0,0,0,0,1,x,1,0,10100,0,0,0,0,1,1,0,1,0,1,0,0,0,0,0,0,0,11111111111111111111111111111111,0,1,11,0,0,1,1,0,10,10,10111,10111,1111,1111,0,0,0,0,111111110000000011111111,111111110000000011111111,1,1,0,1,0,0,0,0,1111111111,0,1,10010100,0,0,0,0,0,0,0,0,0,1,0,0,0,1,1,1,0,0,11,0,0,0,0,0,1,1,1
840000,101,0,0,0,0,0,0,0,1111111111111111,0,1010101010101010101010101010101,1010101010101010101010101010101,10101010101010101010101010101010,0,0,0,1,0,10,10,10,10,0,0,1,1,1,0,11111111,0,11111111,11111111,11111111,0,x,10101010,0,1,0,0,0,0,1,x,1,0,10100,0,0,0,0,1,1,0,1,0,1,0,0,0,0,0,0,0,11111111111111111111111111111111,0,1,11,0,0,1,1,0,10,10,10111,10111,1111,1111,0,0,0,0,111111110000000011111111,111111110000000011111111,1,1,0,1,0,0,0,0,1111111111,0,1,10010100,0,0,0,0,0,0,0,0,0,0,0,0,0,1,1,1,0,0,11,0,0,0,0,0,1,1,1
845000,101,1,0,0,0,0,0,0,0,1111111111111111,1010101010101010101010101010101,1010101010101010101010101010101,1010101010101010101010101010101,0,11111111111111111111111111111111,11111111111111111111111111111111,1,0,10,10,10,10,0,0,1,1,1,0,11111111,0,11111111,11111111,0,11111111,x,1010101,0,1,0,0,0,0,1,x,1,0,10101,0,0,0,0,1,1,1,0,0,1,0,0,1,0,0,0,0,11111111111111111111111111111111,0,10,11,0,0,1,1,0,10,10,10111,10111,1111,1111,0,0,0,0,111111110000000011111111,111111110000000011111111,1,1,0,1,0,0,0,0,1111111111,0,1,10010100,0,0,0,1111111111111111,1111111111111111,0,11111111,11111111,0,1,11111111111111111111111111111111,11111111111111111111111111111111,1,1,11,11,0,0,11,0,0,0,0,0,1,1,1
846000,101,1,0,0,1111111111111111,1111111111111111,0,0,0,1111111111111111,10101010101010101010101010101010,10101010101010101010101010101010,1010101010101010101010101010101,0,11111111111111111111111111111111,11111111111111111111111111111111,1,0,10,10,10,10,11111111111111111111111111111111,11111111111111111111111111111111,1,1,1,11111111,11111111,11111111,11111111,11111111,0,11111111,x,1010101,0,1,11111111111111111111111111111111,0,0,0,1,x,1,0,10101,0,0,0,0,1,1,1,0,0,1,0,0,1,0,0,0,0,11111111111111111111111111111111,0,10,11,0,0,1,1,0,10,10,11000,11000,1111,1111,0,0,0,0,11111111000000001111111100000000,11111111000000001111111100000000,1,1,0,1,0,0,0,0,1111111111,0,1,10010100,0,0,0,1111111111111111,1111111111111111,0,11111111,11111111,0,1,11111111111111111111111111111111,11111111111111111111111111111111,1,1,11,11,0,0,11,0,0,0,0,0,0,0,1
850000,101,0,0,0,1111111111111111,1111111111111111,0,0,0,1111111111111111,10101010101010101010101010101010,10101010101010101010101010101010,1010101010101010101010101010101,0,11111111111111111111111111111111,11111111111111111111111111111111,1,0,10,10,10,10,11111111111111111111111111111111,11111111111111111111111111111111,1,1,1,11111111,11111111,11111111,11111111,11111111,0,11111111,x,1010101,0,1,11111111111111111111111111111111,0,0,0,1,x,1,0,10101,0,0,0,0,1,1,1,0,0,1,0,0,1,0,0,0,0,11111111111111111111111111111111,0,10,11,0,0,1,1,0,10,10,11000,11000,1111,1111,0,0,0,0,11111111000000001111111100000000,11111111000000001111111100000000,1,1,0,1,0,0,0,0,1111111111,0,1,10010100,0,0,0,1111111111111111,1111111111111111,0,11111111,11111111,0,0,11111111111111111111111111111111,11111111111111111111111111111111,1,1,11,11,0,0,11,0,0,0,0,0,0,0,1
855000,101,1,0,0,1111111111111111,1111111111111111,0,0,1111111111111111,0,10101010101010101010101010101010,10101010101010101010101010101010,10101010101010101010101010101010,1,0,0,1,0,10,10,10,10,11111111111111111111111111111111,11111111111111111111111111111111,1,1,1,11111111,11111111,11111111,11111111,11111111,11111111,0,x,10101010,0,1,11111111111111111111111111111111,0,0,0,1,x,1,0,10110,0,0,0,0,1,1,0,1,0,1,0,0,0,0,0,0,0,11111111111111111111111111111111,0,11,11,0,0,1,1,0,10,10,11000,11000,1111,1111,0,0,0,0,11111111000000001111111100000000,11111111000000001111111100000000,1,1,0,1,0,0,0,0,1111111111,0,1,10010100,0,0,0,0,0,0,0,0,0,1,0,0,0,1,1,1,0,0,11,0,0,0,0,0,0,0,1
856000,101,1,0,0,0,0,0,0,1111111111111111,0,1010101010101010101010101010101,1010101010101010101010101010101,10101010101010101010101010101010,1,0,0,1,0,10,10,10,10,0,0,1,1,1,0,11111111,0,11111111,11111111,11111111,0,x,10101010,0,1,0,0,0,0,1,x,1,0,10110,0,0,0,0,1,1,0,1,0,1,0,0,0,0,0,0,0,11111111111111111111111111111111,0,11,11,1,1,1,1,0,10,10,11001,11001,1111,1111,0,0,0,0,111111110000000011111111,111111110000000011111111,1,1,0,1,0,0,0,0,1111111111,0,1,10010100,0,0,0,0,0,0,0,0,0,1,0,0,0,1,1,1,0,0,11,0,0,0,0,0,1,1,1
860000,101,0,0,0,0,0,0,0,1111111111111111,0,1010101010101010101010101010101,1010101010101010101010101010101,10101010101010101010101010101010,1,0,0,1,0,10,10,10,10,0,0,1,1,1,0,11111111,0,11111111,11111111,11111111,0,x,10101010,0,1,0,0,0,0,1,x,1,0,10110,0,0,0,0,1,1,0,1,0,1,0,0,0,0,0,0,0,11111111111111111111111111111111,0,11,11,1,1,1,1,0,10,10,11001,11001,1111,1111,0,0,0,0,111111110000000011111111,111111110000000011111111,1,1,0,1,0,0,0,0,1111111111,0,1,10010100,0,0,0,0,0,0,0,0,0,0,0,0,0,1,1,1,0,0,11,0,0,0,0,0,1,1,1
865000,110,1,0,0,0,0,0,0,0,1111111111111111,1010101010101010101010101010101,1010101010101010101010101010101,1010101010101010101010101010101,0,11111111111111111111111111111111,11111111111111111111111111111111,1,0,10,10,10,10,0,0,1,1,1,0,11111111,0,11111111,11111111,0,11111111,x,1010101,0,1,0,0,0,0,1,x,1,0,10111,0,0,0,0,1,1,1,0,0,0,0,0,1,0,0,0,0,11111111111111111111111111111111,0,0,11,1,1,0,0,0,10,10,11001,11001,1111,1111,0,0,0,0,111111110000000011111111,111111110000000011111111,1,1,0,1,0,0,0,0,1111111111,0,1,101000,0,0,0,1111111111111111,1111111111111111,0,11111111,11111111,0,1,11111111111111111111111111111111,11111111111111111111111111111111,1,1,11,11,0,0,11,0,0,0,0,0,1,1,1
866000,110,1,0,0,1111111111111111,1111111111111111,0,0,0,1111111111111111,10101010101010101010101010101010,10101010101010101010101010101010,1010101010101010101010101010101,0,11111111111111111111111111111111,11111111111111111111111111111111,1,0,10,10,10,10,11111111111111111111111111111111,11111111111111111111111111111111,1,1,1,11111111,11111111,11111111,11111111,11111111,0,11111111,x,1010101,0,1,11111111111111111111111111111111,0,0,0,1,x,1,0,10111,0,0,0,0,1,1,1,0,0,0,0,0,1,0,0,0,0,11111111111111111111111111111111,0,0,11,1,1,0,0,0,10,10,11010,11010,1111,1111,0,0,0,0,11111111000000001111111100000000,11111111000000001111111100000000,1,1,0,1,0,0,0,0,1111111111,0,1,101000,0,0,0,1111111111111111,1111111111111111,0,11111111,11111111,0,1,11111111111111111111111111111111,11111111111111111111111111111111,1,1,11,11,0,0,11,0,0,0,0,0,0,0,1
870000,110,0,0,0,1111111111111111,1111111111111111,0,0,0,1111111111111111,10101010101010101010101010101010,10101010101010101010101010101010,1010101010101010101010101010101,0,11111111111111111111111111111111,11111111111111111111111111111111,1,0,10,10,10,10,11111111111111111111111111111111,11111111111111111111111111111111,1,1,1,11111111,11111111,11111111,11111111,11111111,0,11111111,x,1010101,0,1,11111111111111111111111111111111,0,0,0,1,x,1,0,10111,0,0,0,0,1,1,1,0,0,0,0,0,1,0,0,0,0,11111111111111111111111111111111,0,0,11,1,1,0,0,0,10,10,11010,11010,1111,1111,0,0,0,0,11111111000000001111111100000000,11111111000000001111111100000000,1,1,0,1,0,0,0,0,1111111111,0,1,101000,0,0,0,1111111111111111,1111111111111111,0,11111111,11111111,0,0,11111111111111111111111111111111,11111111111111111111111111111111,1,1,11,11,0,0,11,0,0,0,0,0,0,0,1
875000,110,1,0,0,1111111111111111,1111111111111111,0,0,1111111111111111,0,10101010101010101010101010101010,10101010101010101010101010101010,10101010101010101010101010101010,0,0,0,1,0,10,10,10,10,11111111111111111111111111111111,11111111111111111111111111111111,1,1,1,11111111,11111111,11111111,11111111,11111111,11111111,0,x,10101010,0,1,11111111111111111111111111111111,0,0,0,1,x,1,0,11000,0,0,0,0,1,1,0,1,0,0,0,0,0,0,0,0,0,11111111111111111111111111111111,0,1,11,1,1,0,0,0,10,10,11010,11010,1111,1111,0,0,0,0,11111111000000001111111100000000,11111111000000001111111100000000,1,1,0,1,0,0,0,0,1111111111,0,1,101000,0,0,0,0,0,0,0,0,0,1,0,0,0,1,1,1,0,0,11,0,0,0,0,0,0,0,1
876000,110,1,0,0,0,0,0,0,1111111111111111,0,1010101010101010101010101010101,1010101010101010101010101010101,10101010101010101010101010101010,0,0,0,1,0,10,10,10,10,0,0,1,1,1,0,11111111,0,11111111,11111111,11111111,0,x,10101010,0,1,0,0,0,0,1,x,1,0,11000,0,0,0,0,1,1,0,1,0,0,0,0,0,0,0,0,0,11111111111111111111111111111111,0,1,11,0,0,0,0,0,10,10,11011,11011,1111,1111,0,0,0,0,111111110000000011111111,111111110000000011111111,1,1,0,1,0,0,0,0,1111111111,0,1,101000,0,0,0,0,0,0,0,0,0,1,0,0,0,1,1,1,0,0,11,0,0,0,0,0,1,1,1
880000,110,0,0,0,0,0,0,0,1111111111111111,0,1010101010101010101010101010101,1010101010101010101010101010101,10101010101010101010101010101010,0,0,0,1,0,10,10,10,10,0,0,1,1,1,0,11111111,0,11111111,11111111,11111111,0,x,10101010,0,1,0,0,0,0,1,x,1,0,11000,0,0,0,0,1,1,0,1,0,0,0,0,0,0,0,0,0,11111111111111111111111111111111,0,1,11,0,0,0,0,0,10,10,11011,11011,1111,1111,0,0,0,0,111111110000000011111111,111111110000000011111111,1,1,0,1,0,0,0,0,1111111111,0,1,101000,0,0,0,0,0,0,0,0,0,0,0,0,0,1,1,1,0,0,11,0,0,0,0,0,1,1,1
885000,110,1,0,0,0,0,0,0,0,1111111111111111,1010101010101010101010101010101,1010101010101010101010101010101,1010101010101010101010101010101,0,11111111111111111111111111111111,11111111111111111111111111111111,1,0,10,10,10,10,0,0,1,1,1,0,11111111,0,11111111,11111111,0,11111111,x,1010101,0,1,0,0,0,0,1,x,1,0,11001,0,0,0,0,1,1,1,0,0,0,0,0,1,0,0,0,0,11111111111111111111111111111111,0,10,11,0,0,0,0,0,10,10,11011,11011,1111,1111,0,0,0,0,111111110000000011111111,111111110000000011111111,1,1,0,1,0,0,0,0,1111111111,0,1,101000,0,0,0,1111111111111111,1111111111111111,0,11111111,11111111,0,1,11111111111111111111111111111111,11111111111111111111111111111111,1,1,11,11,0,0,11,0,0,0,0,0,1,1,1
886000,110,1,0,0,1111111111111111,1111111111111111,0,0,0,1111111111111111,10101010101010101010101010101010,10101010101010101010101010101010,1010101010101010101010101010101,0,11111111111111111111111111111111,11111111111111111111111111111111,1,0,10,10,10,10,11111111111111111111111111111111,11111111111111111111111111111111,1,1,1,11111111,11111111,11111111,11111111,11111111,0,11111111,x,1010101,0,1,11111111111111111111111111111111,0,0,0,1,x,1,0,11001,0,0,0,0,1,1,1,0,0,0,0,0,1,0,0,0,0,11111111111111111111111111111111,0,10,11,1,1,0,0,0,10,10,11100,11100,1111,1111,0,0,0,0,11111111000000001111111100000000,11111111000000001111111100000000,1,1,0,1,0,0,0,0,1111111111,0,1,101000,0,0,0,1111111111111111,1111111111111111,0,11111111,11111111,0,1,11111111111111111111111111111111,11111111111111111111111111111111,1,1,11,11,0,0,11,0,0,0,0,0,0,0,1
890000,110,0,0,0,1111111111111111,1111111111111111,0,0,0,1111111111111111,10101010101010101010101010101010,10101010101010101010101010101010,1010101010101010101010101010101,0,11111111111111111111111111111111,11111111111111111111111111111111,1,0,10,10,10,10,11111111111111111111111111111111,11111111111111111111111111111111,1,1,1,11111111,11111111,11111111,11111111,11111111,0,11111111,x,1010101,0,1,11111111111111111111111111111111,0,0,0,1,x,1,0,11001,0,0,0,0,1,1,1,0,0,0,0,0,1,0,0,0,0,11111111111111111111111111111111,0,10,11,1,1,0,0,0,10,10,11100,11100,1111,1111,0,0,0,0,11111111000000001111111100000000,11111111000000001111111100000000,1,1,0,1,0,0,0,0,1111111111,0,1,101000,0,0,0,1111111111111111,1111111111111111,0,11111111,11111111,0,0,11111111111111111111111111111111,11111111111111111111111111111111,1,1,11,11,0,0,11,0,0,0,0,0,0,0,1
895000,110,1,0,0,1111111111111111,1111111111111111,0,0,1111111111111111,0,10101010101010101010101010101010,10101010101010101010101010101010,10101010101010101010101010101010,1,0,0,1,0,10,10,10,10,11111111111111111111111111111111,11111111111111111111111111111111,1,1,1,11111111,11111111,11111111,11111111,11111111,11111111,0,x,10101010,0,1,11111111111111111111111111111111,0,0,0,1,x,1,0,11010,0,0,0,0,1,1,0,1,0,0,0,0,0,0,0,0,0,11111111111111111111111111111111,0,11,11,1,1,0,0,0,10,10,11100,11100,1111,1111,0,0,0,0,11111111000000001111111100000000,11111111000000001111111100000000,1,1,0,1,0,0,0,0,1111111111,0,1,101000,0,0,0,0,0,0,0,0,0,1,0,0,0,1,1,1,0,0,11,0,0,0,0,0,0,0,1
896000,110,1,0,0,0,0,0,0,1111111111111111,0,1010101010101010101010101010101,1010101010101010101010101010101,10101010101010101010101010101010,1,0,0,1,0,10,10,10,10,0,0,1,1,1,0,11111111,0,11111111,11111111,11111111,0,x,10101010,0,1,0,0,0,0,1,x,1,0,11010,0,0,0,0,1,1,0,1,0,0,0,0,0,0,0,0,0,11111111111111111111111111111111,0,11,11,0,0,0,0,0,10,10,11101,11101,1111,1111,0,0,0,0,111111110000000011111111,111111110000000011111111,1,1,0,1,0,0,0,0,1111111111,0,1,101000,0,0,0,0,0,0,0,0,0,1,0,0,0,1,1,1,0,0,11,0,0,0,0,0,1,1,1
900000,110,0,0,0,0,0,0,0,1111111111111111,0,1010101010101010101010101010101,1010101010101010101010101010101,10101010101010101010101010101010,1,0,0,1,0,10,10,10,10,0,0,1,1,1,0,11111111,0,11111111,11111111,11111111,0,x,10101010,0,1,0,0,0,0,1,x,1,0,11010,0,0,0,0,1,1,0,1,0,0,0,0,0,0,0,0,0,11111111111111111111111111111111,0,11,11,0,0,0,0,0,10,10,11101,11101,1111,1111,0,0,0,0,111111110000000011111111,111111110000000011111111,1,1,0,1,0,0,0,0,1111111111,0,1,101000,0,0,0,0,0,0,0,0,0,0,0,0,0,1,1,1,0,0,11,0,0,0,0,0,1,1,1
905000,111,1,0,0,0,0,0,0,0,1111111111111111,1010101010101010101010101010101,1010101010101010101010101010101,1010101010101010101010101010101,0,11111111111111111111111111111111,11111111111111111111111111111111,1,0,10,10,10,10,0,0,1,1,1,0,11111111,0,11111111,11111111,0,11111111,x,1010101,0,1,0,0,0,0,1,x,1,0,11011,0,0,0,0,1,1,1,0,0,1,0,0,1,0,0,0,0,11111111111111111111111111111111,0,0,11,0,0,0,1,0,10,10,11101,11101,1111,1111,0,0,0,0,111111110000000011111111,111111110000000011111111,1,1,0,1,0,0,0,0,1111111111,0,1,101000,0,0,0,1111111111111111,1111111111111111,0,11111111,11111111,0,1,11111111111111111111111111111111,11111111111111111111111111111111,1,1,11,11,0,0,110,0,0,0,0,0,1,1,1
906000,111,1,0,0,1111111111111111,1111111111111111,0,0,0,1111111111111111,10101010101010101010101010101010,10101010101010101010101010101010,1010101010101010101010101010101,0,11111111111111111111111111111111,11111111111111111111111111111111,1,0,10,10,10,10,11111111111111111111111111111111,11111111111111111111111111111111,1,1,1,11111111,11111111,11111111,11111111,11111111,0,11111111,x,1010101,0,1,11111111111111111111111111111111,0,0,0,1,x,1,0,11011,0,0,0,0,1,1,1,0,0,1,0,0,1,0,0,0,0,11111111111111111111111111111111,0,0,11,0,0,0,1,0,10,10,11110,11110,1111,1111,0,0,0,0,11111111000000001111111100000000,11111111000000001111111100000000,1,1,0,1,0,0,0,0,1111111111,0,1,101000,0,0,0,1111111111111111,1111111111111111,0,11111111,11111111,0,1,11111111111111111111111111111111,11111111111111111111111111111111,1,1,11,11,0,0,110,0,0,0,0,0,0,0,1
910000,111,0,0,0,1111111111111111,1111111111111111,0,0,0,1111111111111111,10101010101010101010101010101010,10101010101010101010101010101010,1010101010101010101010101010101,0,11111111111111111111111111111111,11111111111111111111111111111111,1,0,10,10,10,10,11111111111111111111111111111111,11111111111111111111111111111111,1,1,1,11111111,11111111,11111111,11111111,11111111,0,11111111,x,1010101,0,1,11111111111111111111111111111111,0,0,0,1,x,1,0,11011,0,0,0,0,1,1,1,0,0,1,0,0,1,0,0,0,0,11111111111111111111111111111111,0,0,11,0,0,0,1,0,10,10,11110,11110,1111,1111,0,0,0,0,11111111000000001111111100000000,11111111000000001111111100000000,1,1,0,1,0,0,0,0,1111111111,0,1,101000,0,0,0,1111111111111111,1111111111111111,0,11111111,11111111,0,0,11111111111111111111111111111111,11111111111111111111111111111111,1,1,11,11,0,0,110,0,0,0,0,0,0,0,1
915000,111,1,0,0,1111111111111111,1111111111111111,0,0,1111111111111111,0,10101010101010101010101010101010,10101010101010101010101010101010,10101010101010101010101010101010,0,0,0,1,0,10,10,10,10,11111111111111111111111111111111,11111111111111111111111111111111,1,1,1,11111111,11111111,11111111,11111111,11111111,11111111,0,x,10101010,0,1,11111111111111111111111111111111,0,0,0,1,x,1,0,11100,0,0,0,0,1,1,0,1,0,1,0,0,0,0,0,0,0,11111111111111111111111111111111,0,1,11,0,0,0,1,0,10,10,11110,11110,1111,1111,0,0,0,0,11111111000000001111111100000000,11111111000000001111111100000000,1,1,0,1,0,0,0,0,1111111111,0,1,101000,0,0,0,0,0,0,0,0,0,1,0,0,0,1,1,1,0,0,110,0,0,0,0,0,0,0,1
916000,111,1,0,0,0,0,0,0,1111111111111111,0,1010101010101010101010101010101,1010101010101010101010101010101,10101010101010101010101010101010,0,0,0,1,0,10,10,10,10,0,0,1,1,1,0,11111111,0,11111111,11111111,11111111,0,x,10101010,0,1,0,0,0,0,1,x,1,0,11100,0,0,0,0,1,1,0,1,0,1,0,0,0,0,0,0,0,11111111111111111111111111111111,0,1,11,1,1,0,1,0,10,10,11111,11111,1111,1111,0,0,0,0,111111110000000011111111,111111110000000011111111,1,1,0,1,0,0,0,0,1111111111,0,1,101000,0,0,0,0,0,0,0,0,0,1,0,0,0,1,1,1,0,0,110,0,0,0,0,0,1,1,1
920000,111,0,0,0,0,0,0,0,1111111111111111,0,1010101010101010101010101010101,1010101010101010101010101010101,10101010101010101010101010101010,0,0,0,1,0,10,10,10,10,0,0,1,1,1,0,11111111,0,11111111,11111111,11111111,0,x,10101010,0,1,0,0,0,0,1,x,1,0,11100,0,0,0,0,1,1,0,1,0,1,0,0,0,0,0,0,0,11111111111111111111111111111111,0,1,11,1,1,0,1,0,10,10,11111,11111,1111,1111,0,0,0,0,111111110000000011111111,111111110000000011111111,1,1,0,1,0,0,0,0,1111111111,0,1,101000,0,0,0,0,0,0,0,0,0,0,0,0,0,1,1,1,0,0,110,0,0,0,0,0,1,1,1
925000,111,1,0,0,0,0,0,0,0,1111111111111111,1010101010101010101010101010101,1010101010101010101010101010101,1010101010101010101010101010101,0,11111111111111111111111111111111,11111111111111111111111111111111,1,0,10,10,10,10,0,0,1,1,1,0,11111111,0,11111111,11111111,0,11111111,x,1010101,0,1,0,0,0,0,1,x,1,0,11101,0,0,0,0,1,1,1,0,0,1,0,0,1,0,0,0,0,11111111111111111111111111111111,0,10,11,1,1,0,1,0,10,10,11111,11111,1111,1111,0,0,0,0,111111110000000011111111,111111110000000011111111,1,1,0,1,0,0,0,0,1111111111,0,1,101000,0,0,0,1111111111111111,1111111111111111,0,11111111,11111111,0,1,11111111111111111111111111111111,11111111111111111111111111111111,1,1,11,11,0,0,110,0,0,0,0,0,1,1,1
926000,111,1,0,0,1111111111111111,1111111111111111,0,0,0,1111111111111111,10101010101010101010101010101010,10101010101010101010101010101010,1010101010101010101010101010101,0,11111111111111111111111111111111,11111111111111111111111111111111,1,0,10,10,10,10,11111111111111111111111111111111,11111111111111111111111111111111,1,1,1,11111111,11111111,11111111,11111111,11111111,0,11111111,x,1010101,0,1,11111111111111111111111111111111,0,0,0,1,x,1,0,11101,0,0,0,0,1,1,1,0,0,1,0,0,1,0,0,0,0,11111111111111111111111111111111,0,10,11,1,1,0,1,0,10,10,100000,100000,1111,1111,0,0,0,0,11111111000000001111111100000000,11111111000000001111111100000000,1,1,0,1,0,0,0,0,1111111111,0,1,101000,0,0,0,1111111111111111,1111111111111111,0,11111111,11111111,0,1,11111111111111111111111111111111,11111111111111111111111111111111,1,1,11,11,0,0,110,0,0,0,0,0,0,0,1
930000,111,0,0,0,1111111111111111,1111111111111111,0,0,0,1111111111111111,10101010101010101010101010101010,10101010101010101010101010101010,1010101010101010101010101010101,0,11111111111111111111111111111111,11111111111111111111111111111111,1,0,10,10,10,10,11111111111111111111111111111111,11111111111111111111111111111111,1,1,1,11111111,11111111,11111111,11111111,11111111,0,11111111,x,1010101,0,1,11111111111111111111111111111111,0,0,0,1,x,1,0,11101,0,0,0,0,1,1,1,0,0,1,0,0,1,0,0,0,0,11111111111111111111111111111111,0,10,11,1,1,0,1,0,10,10,100000,100000,1111,1111,0,0,0,0,11111111000000001111111100000000,11111111000000001111111100000000,1,1,0,1,0,0,0,0,1111111111,0,1,101000,0,0,0,1111111111111111,1111111111111111,0,11111111,11111111,0,0,11111111111111111111111111111111,11111111111111111111111111111111,1,1,11,11,0,0,110,0,0,0,0,0,0,0,1
935000,111,1,0,0,1111111111111111,1111111111111111,0,0,1111111111111111,0,10101010101010101010101010101010,10101010101010101010101010101010,10101010101010101010101010101010,1,0,0,1,0,10,10,10,10,11111111111111111111111111111111,11111111111111111111111111111111,1,1,1,11111111,11111111,11111111,11111111,11111111,11111111,0,x,10101010,0,1,11111111111111111111111111111111,0,0,0,1,x,1,0,11110,0,0,0,0,1,1,0,1,0,1,0,0,0,0,0,0,0,11111111111111111111111111111111,0,11,11,1,1,0,1,0,10,10,100000,100000,1111,1111,0,0,0,0,11111111000000001111111100000000,11111111000000001111111100000000,1,1,0,1,0,0,0,0,1111111111,0,1,101000,0,0,0,0,0,0,0,0,0,1,0,0,0,1,1,1,0,0,110,0,0,0,0,0,0,0,1
936000,111,1,0,0,0,0,0,0,1111111111111111,0,1010101010101010101010101010101,1010101010101010101010101010101,10101010101010101010101010101010,1,0,0,1,0,10,10,10,10,0,0,1,1,1,0,11111111,0,11111111,11111111,11111111,0,x,10101010,0,1,0,0,0,0,1,x,1,0,11110,0,0,0,0,1,1,0,1,0,1,0,0,0,0,0,0,0,11111111111111111111111111111111,0,11,11,0,0,0,1,0,10,10,100001,100001,1111,1111,0,0,0,0,111111110000000011111111,111111110000000011111111,1,1,0,1,0,0,0,0,1111111111,0,1,101000,0,0,0,0,0,0,0,0,0,1,0,0,0,1,1,1,0,0,110,0,0,0,0,0,1,1,1
940000,111,0,0,0,0,0,0,0,1111111111111111,0,1010101010101010101010101010101,1010101010101010101010101010101,10101010101010101010101010101010,1,0,0,1,0,10,10,10,10,0,0,1,1,1,0,11111111,0,11111111,11111111,11111111,0,x,10101010,0,1,0,0,0,0,1,x,1,0,11110,0,0,0,0,1,1,0,1,0,1,0,0,0,0,0,0,0,11111111111111111111111111111111,0,11,11,0,0,0,1,0,10,10,100001,100001,1111,1111,0,0,0,0,111111110000000011111111,111111110000000011111111,1,1,0,1,0,0,0,0,1111111111,0,1,101000,0,0,0,0,0,0,0,0,0,0,0,0,0,1,1,1,0,0,110,0,0,0,0,0,1,1,1
945000,1000,1,0,0,0,0,0,0,0,1111111111111111,1010101010101010101010101010101,1010101010101010101010101010101,1010101010101010101010101010101,0,11111111111111111111111111111111,11111111111111111111111111111111,1,0,10,10,10,10,0,0,1,1,1,0,11111111,0,11111111,11111111,0,11111111,x,1010101,0,1,0,0,0,0,1,x,1,0,11111,0,0,0,0,1,1,1,0,0,0,0,0,1,0,0,0,0,11111111111111111111111111111111,0,0,11,0,0,0,0,0,10,10,100001,100001,1111,1111,0,0,0,0,111111110000000011111111,111111110000000011111111,1,1,0,1,0,0,0,0,1111111111,0,1,1010000,0,0,0,1111111111111111,1111111111111111,0,11111111,11111111,0,1,11111111111111111111111111111111,11111111111111111111111111111111,1,1,11,11,0,0,110,0,0,0,0,0,1,1,1
946000,1000,1,0,0,1111111111111111,1111111111111111,0,0,0,1111111111111111,10101010101010101010101010101010,10101010101010101010101010101010,1010101010101010101010101010101,0,11111111111111111111111111111111,11111111111111111111111111111111,1,0,10,10,10,10,11111111111111111111111111111111,11111111111111111111111111111111,1,1,1,11111111,11111111,11111111,11111111,11111111,0,11111111,x,1010101,0,1,11111111111111111111111111111111,0,0,0,1,x,1,0,11111,0,0,0,0,1,1,1,0,0,0,0,0,1,0,0,0,0,11111111111111111111111111111111,0,0,11,0,0,0,0,0,10,10,100010,100010,1111,1111,0,0,0,0,11111111000000001111111100000000,11111111000000001111111100000000,1,1,0,1,0,0,0,0,1111111111,0,1,1010000,0,0,0,1111111111111111,1111111111111111,0,11111111,11111111,0,1,11111111111111111111111111111111,11111111111111111111111111111111,1,1,11,11,0,0,110,0,0,0,0,0,0,0,1
950000,1000,0,0,0,1111111111111111,1111111111111111,0,0,0,1111111111111111,10101010101010101010101010101010,10101010101010101010101010101010,1010101010101010101010101010101,0,11111111111111111111111111111111,11111111111111111111111111111111,1,0,10,10,10,10,11111111111111111111111111111111,11111111111111111111111111111111,1,1,1,11111111,11111111,11111111,11111111,11111111,0,11111111,x,1010101,0,1,11111111111111111111111111111111,0,0,0,1,x,1,0,11111,0,0,0,0,1,1,1,0,0,0,0,0,1,0,0,0,0,11111111111111111111111111111111,0,0,11,0,0,0,0,0,10,10,100010,100010,1111,1111,0,0,0,0,11111111000000001111111100000000,11111111000000001111111100000000,1,1,0,1,0,0,0,0,1111111111,0,1,1010000,0,0,0,1111111111111111,1111111111111111,0,11111111,11111111,0,0,11111111111111111111111111111111,11111111111111111111111111111111,1,1,11,11,0,0,110,0,0,0,0,0,0,0,1
955000,1000,1,0,0,1111111111111111,1111111111111111,0,0,1111111111111111,0,10101010101010101010101010101010,10101010101010101010101010101010,10101010101010101010101010101010,0,0,0,1,0,10,10,10,10,11111111111111111111111111111111,11111111111111111111111111111111,1,1,1,11111111,11111111,11111111,11111111,11111111,11111111,0,x,10101010,0,1,11111111111111111111111111111111,0,0,0,1,x,1,0,100000,0,0,0,0,1,1,0,1,0,0,0,0,0,0,0,0,0,11111111111111111111111111111111,0,1,11,0,0,0,0,0,10,10,100010,100010,1111,1111,0,0,0,0,11111111000000001111111100000000,11111111000000001111111100000000,1,1,0,1,0,0,0,0,1111111111,0,1,1010000,0,0,0,0,0,0,0,0,0,1,0,0,0,1,1,1,0,0,110,0,0,0,0,0,0,0,1
956000,1000,1,0,0,0,0,0,0,1111111111111111,0,1010101010101010101010101010101,1010101010101010101010101010101,10101010101010101010101010101010,0,0,0,1,0,10,10,10,10,0,0,1,1,1,0,11111111,0,11111111,11111111,11111111,0,x,10101010,0,1,0,0,0,0,1,x,1,0,100000,0,0,0,0,1,1,0,1,0,0,0,0,0,0,0,0,0,11111111111111111111111111111111,0,1,11,1,1,0,0,0,10,10,100011,100011,1111,1111,0,0,0,0,111111110000000011111111,111111110000000011111111,1,1,0,1,0,0,0,0,1111111111,0,1,1010000,0,0,0,0,0,0,0,0,0,1,0,0,0,1,1,1,0,0,110,0,0,0,0,0,1,1,1
960000,1000,0,0,0,0,0,0,0,1111111111111111,0,1010101010101010101010101010101,1010101010101010101010101010101,10101010101010101010101010101010,0,0,0,1,0,10,10,10,10,0,0,1,1,1,0,11111111,0,11111111,11111111,11111111,0,x,10101010,0,1,0,0,0,0,1,x,1,0,100000,0,0,0,0,1,1,0,1,0,0,0,0,0,0,0,0,0,11111111111111111111111111111111,0,1,11,1,1,0,0,0,10,10,100011,100011,1111,1111,0,0,0,0,111111110000000011111111,111111110000000011111111,1,1,0,1,0,0,0,0,1111111111,0,1,1010000,0,0,0,0,0,0,0,0,0,0,0,0,0,1,1,1,0,0,110,0,0,0,0,0,1,1,1
965000,1000,1,0,0,0,0,0,0,0,1111111111111111,1010101010101010101010101010101,1010101010101010101010101010101,1010101010101010101010101010101,0,11111111111111111111111111111111,11111111111111111111111111111111,1,0,10,10,10,10,0,0,1,1,1,0,11111111,0,11111111,11111111,0,11111111,x,1010101,0,1,0,0,0,0,1,x,1,0,100001,0,0,0,0,1,1,1,0,0,0,0,0,1,0,0,0,0,11111111111111111111111111111111,0,10,11,1,1,0,0,0,10,10,100011,100011,1111,1111,0,0,0,0,111111110000000011111111,111111110000000011111111,1,1,0,1,0,0,0,0,1111111111,0,1,1010000,0,0,0,1111111111111111,1111111111111111,0,11111111,11111111,0,1,11111111111111111111111111111111,11111111111111111111111111111111,1,1,11,11,0,0,110,0,0,0,0,0,1,1,1
966000,1000,1,0,0,1111111111111111,1111111111111111,0,0,0,1111111111111111,10101010101010101010101010101010,10101010101010101010101010101010,1010101010101010101010101010101,0,11111111111111111111111111111111,11111111111111111111111111111111,1,0,10,10,10,10,11111111111111111111111111111111,11111111111111111111111111111111,1,1,1,11111111,11111111,11111111,11111111,11111111,0,11111111,x,1010101,0,1,11111111111111111111111111111111,0,0,0,1,x,1,0,100001,0,0,0,0,1,1,1,0,0,0,0,0,1,0,0,0,0,11111111111111111111111111111111,0,10,11,0,0,0,0,0,10,10,100100,100100,1111,1111,0,0,0,0,11111111000000001111111100000000,11111111000000001111111100000000,1,1,0,1,0,0,0,0,1111111111,0,1,1010000,0,0,0,1111111111111111,1111111111111111,0,11111111,11111111,0,1,11111111111111111111111111111111,11111111111111111111111111111111,1,1,11,11,0,0,110,0,0,0,0,0,0,0,1
970000,1000,0,0,0,1111111111111111,1111111111111111,0,0,0,1111111111111111,10101010101010101010101010101010,10101010101010101010101010101010,1010101010101010101010101010101,0,11111111111111111111111111111111,11111111111111111111111111111111,1,0,10,10,10,10,11111111111111111111111111111111,11111111111111111111111111111111,1,1,1,11111111,11111111,11111111,11111111,11111111,0,11111111,x,1010101,0,1,11111111111111111111111111111111,0,0,0,1,x,1,0,100001,0,0,0,0,1,1,1,0,0,0,0,0,1,0,0,0,0,11111111111111111111111111111111,0,10,11,0,0,0,0,0,10,10,100100,100100,1111,1111,0,0,0,0,11111111000000001111111100000000,11111111000000001111111100000000,1,1,0,1,0,0,0,0,1111111111,0,1,1010000,0,0,0,1111111111111111,1111111111111111,0,11111111,11111111,0,0,11111111111111111111111111111111,11111111111111111111111111111111,1,1,11,11,0,0,110,0,0,0,0,0,0,0,1
975000,1000,1,0,0,1111111111111111,1111111111111111,0,0,1111111111111111,0,10101010101010101010101010101010,10101010101010101010101010101010,10101010101010101010101010101010,1,0,0,1,0,10,10,10,10,11111111111111111111111111111111,11111111111111111111111111111111,1,1,1,11111111,11111111,11111111,11111111,11111111,11111111,0,x,10101010,0,1,11111111111111111111111111111111,0,0,0,1,x,1,0,100010,0,0,0,0,1,1,0,1,0,0,0,0,0,0,0,0,0,11111111111111111111111111111111,0,11,11,0,0,0,0,0,10,10,100100,100100,1111,1111,0,0,0,0,11111111000000001111111100000000,11111111000000001111111100000000,1,1,0,1,0,0,0,0,1111111111,0,1,1010000,0,0,0,0,0,0,0,0,0,1,0,0,0,1,1,1,0,0,110,0,0,0,0,0,0,0,1
976000,1000,1,0,0,0,0,0,0,1111111111111111,0,1010101010101010101010101010101,1010101010101010101010101010101,10101010101010101010101010101010,1,0,0,1,0,10,10,10,10,0,0,1,1,1,0,11111111,0,11111111,11111111,11111111,0,x,10101010,0,1,0,0,0,0,1,x,1,0,100010,0,0,0,0,1,1,0,1,0,0,0,0,0,0,0,0,0,11111111111111111111111111111111,0,11,11,1,1,0,0,0,10,10,100101,100101,1111,1111,0,0,0,0,111111110000000011111111,111111110000000011111111,1,1,0,1,0,0,0,0,1111111111,0,1,1010000,0,0,0,0,0,0,0,0,0,1,0,0,0,1,1,1,0,0,110,0,0,0,0,0,1,1,1
980000,1000,0,0,0,0,0,0,0,1111111111111111,0,1010101010101010101010101010101,1010101010101010101010101010101,10101010101010101010101010101010,1,0,0,1,0,10,10,10,10,0,0,1,1,1,0,11111111,0,11111111,11111111,11111111,0,x,10101010,0,1,0,0,0,0,1,x,1,0,100010,0,0,0,0,1,1,0,1,0,0,0,0,0,0,0,0,0,11111111111111111111111111111111,0,11,11,1,1,0,0,0,10,10,100101,100101,1111,1111,0,0,0,0,111111110000000011111111,111111110000000011111111,1,1,0,1,0,0,0,0,1111111111,0,1,1010000,0,0,0,0,0,0,0,0,0,0,0,0,0,1,1,1,0,0,110,0,0,0,0,0,1,1,1
985000,1001,1,0,0,0,0,0,0,0,1111111111111111,1010101010101010101010101010101,1010101010101010101010101010101,1010101010101010101010101010101,0,11111111111111111111111111111111,11111111111111111111111111111111,1,0,10,10,10,10,0,0,1,1,1,0,11111111,0,11111111,11111111,0,11111111,x,1010101,0,1,0,0,0,0,1,x,1,0,100011,0,0,0,0,1,1,1,0,0,1,0,0,1,0,0,0,0,11111111111111111111111111111111,0,0,11,1,1,0,1,0,10,10,100101,100101,1111,1111,0,0,0,0,111111110000000011111111,111111110000000011111111,1,1,0,1,0,0,0,0,1111111111,0,1,1010000,0,0,0,1111111111111111,1111111111111111,0,11111111,11111111,0,1,11111111111111111111111111111111,11111111111111111111111111111111,1,1,11,11,0,0,1101,0,0,0,0,0,1,1,1
986000,1001,1,0,0,1111111111111111,1111111111111111,0,0,0,1111111111111111,10101010101010101010101010101010,10101010101010101010101010101010,1010101010101010101010101010101,0,11111111111111111111111111111111,11111111111111111111111111111111,1,0,10,10,10,10,11111111111111111111111111111111,11111111111111111111111111111111,1,1,1,11111111,11111111,11111111,11111111,11111111,0,11111111,x,1010101,0,1,11111111111111111111111111111111,0,0,0,1,x,1,0,100011,0,0,0,0,1,1,1,0,0,1,0,0,1,0,0,0,0,11111111111111111111111111111111,0,0,11,1,1,0,1,0,10,10,100110,100110,1111,1111,0,0,0,0,11111111000000001111111100000000,11111111000000001111111100000000,1,1,0,1,0,0,0,0,1111111111,0,1,1010000,0,0,0,1111111111111111,1111111111111111,0,11111111,11111111,0,1,11111111111111111111111111111111,11111111111111111111111111111111,1,1,11,11,0,0,1101,0,0,0,0,0,0,0,1
990000,1001,0,0,0,1111111111111111,1111111111111111,0,0,0,1111111111111111,10101010101010101010101010101010,10101010101010101010101010101010,1010101010101010101010101010101,0,11111111111111111111111111111111,11111111111111111111111111111111,1,0,10,10,10,10,11111111111111111111111111111111,11111111111111111111111111111111,1,1,1,11111111,11111111,11111111,11111111,11111111,0,11111111,x,1010101,0,1,11111111111111111111111111111111,0,0,0,1,x,1,0,100011,0,0,0,0,1,1,1,0,0,1,0,0,1,0,0,0,0,11111111111111111111111111111111,0,0,11,1,1,0,1,0,10,10,100110,100110,1111,1111,0,0,0,0,11111111000000001111111100000000,11111111000000001111111100000000,1,1,0,1,0,0,0,0,1111111111,0,1,1010000,0,0,0,1111111111111111,1111111111111111,0,11111111,11111111,0,0,11111111111111111111111111111111,11111111111111111111111111111111,1,1,11,11,0,0,1101,0,0,0,0,0,0,0,1
995000,1001,1,0,0,1111111111111111,1111111111111111,0,0,1111111111111111,0,10101010101010101010101010101010,10101010101010101010101010101010,10101010101010101010101010101010,0,0,0,1,0,10,10,10,10,11111111111111111111111111111111,11111111111111111111111111111111,1,1,1,11111111,11111111,11111111,11111111,11111111,11111111,0,x,10101010,0,1,11111111111111111111111111111111,0,0,0,1,x,1,0,100100,0,0,0,0,1,1,0,1,0,1,0,0,0,0,0,0,0,11111111111111111111111111111111,0,1,11,1,1,0,1,0,10,10,100110,100110,1111,1111,0,0,0,0,11111111000000001111111100000000,11111111000000001111111100000000,1,1,0,1,0,0,0,0,1111111111,0,1,1010000,0,0,0,0,0,0,0,0,0,1,0,0,0,1,1,1,0,0,1101,0,0,0,0,0,0,0,1
996000,1001,1,0,0,0,0,0,0,1111111111111111,0,1010101010101010101010101010101,1010101010101010101010101010101,10101010101010101010101010101010,0,0,0,1,0,10,10,10,10,0,0,1,1,1,0,11111111,0,11111111,11111111,11111111,0,x,10101010,0,1,0,0,0,0,1,x,1,0,100100,0,0,0,0,1,1,0,1,0,1,0,0,0,0,0,0,0,11111111111111111111111111111111,0,1,11,0,0,0,1,0,10,10,100111,100111,1111,1111,0,0,0,0,111111110000000011111111,111111110000000011111111,1,1,0,1,0,0,0,0,1111111111,0,1,1010000,0,0,0,0,0,0,0,0,0,1,0,0,0,1,1,1,0,0,1101,0,0,0,0,0,1,1,1
1000000,1001,0,0,0,0,0,0,0,1111111111111111,0,1010101010101010101010101010101,1010101010101010101010101010101,10101010101010101010101010101010,0,0,0,1,0,10,10,10,10,0,0,1,1,1,0,11111111,0,11111111,11111111,11111111,0,x,10101010,0,1,0,0,0,0,1,x,1,0,100100,0,0,0,0,1,1,0,1,0,1,0,0,0,0,0,0,0,11111111111111111111111111111111,0,1,11,0,0,0,1,0,10,10,100111,100111,1111,1111,0,0,0,0,111111110000000011111111,111111110000000011111111,1,1,0,1,0,0,0,0,1111111111,0,1,1010000,0,0,0,0,0,0,0,0,0,0,0,0,0,1,1,1,0,0,1101,0,0,0,0,0,1,1,1
